year,Zip Code,Highest Offense Description,Reports
2009,78610,Aggravated Assault,1
2009,78610,Other,7
2009,78610,Theft,1
2009,78613,Aggravated Assault,11
2009,78613,Burglary,55
2009,78613,Manslaughter,1
2009,78613,Motor Vehicle Theft,7
2009,78613,Other,131
2009,78613,Robbery,5
2009,78613,Sexual Assault,3
2009,78613,Theft,248
2009,78617,Aggravated Assault,137
2009,78617,Burglary,140
2009,78617,Motor Vehicle Theft,12
2009,78617,Other,661
2009,78617,Robbery,2
2009,78617,Sexual Assault,18
2009,78617,Theft,126
2009,78641,Other,3
2009,78641,Theft,1
2009,78652,Aggravated Assault,1
2009,78652,Burglary,5
2009,78652,Manslaughter,1
2009,78652,Motor Vehicle Theft,1
2009,78652,Other,22
2009,78652,Theft,3
2009,78653,Aggravated Assault,13
2009,78653,Burglary,35
2009,78653,Other,52
2009,78653,Theft,10
2009,78660,Aggravated Assault,20
2009,78660,Arson,1
2009,78660,Burglary,59
2009,78660,Motor Vehicle Theft,9
2009,78660,Other,183
2009,78660,Robbery,2
2009,78660,Sexual Assault,1
2009,78660,Theft,80
2009,78664,Aggravated Assault,4
2009,78664,Burglary,1
2009,78664,Other,10
2009,78664,Sexual Assault,1
2009,78681,Burglary,1
2009,78681,Other,10
2009,78681,Theft,1
2009,78701,Aggravated Assault,851
2009,78701,Arson,3
2009,78701,Burglary,792
2009,78701,Manslaughter,1
2009,78701,Motor Vehicle Theft,71
2009,78701,Other,8683
2009,78701,Robbery,69
2009,78701,Sexual Assault,56
2009,78701,Theft,1372
2009,78702,Aggravated Assault,843
2009,78702,Arson,5
2009,78702,Burglary,1215
2009,78702,Motor Vehicle Theft,100
2009,78702,Murder,3
2009,78702,Other,5799
2009,78702,Robbery,91
2009,78702,Sexual Assault,62
2009,78702,Theft,925
2009,78703,Aggravated Assault,76
2009,78703,Burglary,651
2009,78703,Motor Vehicle Theft,36
2009,78703,Other,1274
2009,78703,Robbery,4
2009,78703,Sexual Assault,8
2009,78703,Theft,356
2009,78704,Aggravated Assault,660
2009,78704,Arson,5
2009,78704,Burglary,1935
2009,78704,Manslaughter,1
2009,78704,Motor Vehicle Theft,132
2009,78704,Other,5672
2009,78704,Robbery,72
2009,78704,Sexual Assault,70
2009,78704,Theft,1456
2009,78705,Aggravated Assault,205
2009,78705,Arson,3
2009,78705,Burglary,1025
2009,78705,Motor Vehicle Theft,49
2009,78705,Murder,1
2009,78705,Other,2185
2009,78705,Robbery,13
2009,78705,Sexual Assault,28
2009,78705,Theft,703
2009,78712,Aggravated Assault,1
2009,78712,Burglary,3
2009,78712,Other,17
2009,78712,Theft,8
2009,78717,Aggravated Assault,53
2009,78717,Burglary,115
2009,78717,Motor Vehicle Theft,4
2009,78717,Other,433
2009,78717,Robbery,1
2009,78717,Sexual Assault,4
2009,78717,Theft,142
2009,78719,Aggravated Assault,19
2009,78719,Burglary,16
2009,78719,Motor Vehicle Theft,22
2009,78719,Other,470
2009,78719,Robbery,1
2009,78719,Sexual Assault,1
2009,78719,Theft,93
2009,78721,Aggravated Assault,463
2009,78721,Arson,2
2009,78721,Burglary,346
2009,78721,Motor Vehicle Theft,33
2009,78721,Murder,1
2009,78721,Other,1956
2009,78721,Robbery,20
2009,78721,Sexual Assault,52
2009,78721,Theft,289
2009,78722,Aggravated Assault,105
2009,78722,Arson,1
2009,78722,Burglary,323
2009,78722,Motor Vehicle Theft,26
2009,78722,Other,737
2009,78722,Robbery,15
2009,78722,Sexual Assault,9
2009,78722,Theft,270
2009,78723,Aggravated Assault,875
2009,78723,Arson,2
2009,78723,Burglary,1235
2009,78723,Manslaughter,2
2009,78723,Motor Vehicle Theft,139
2009,78723,Murder,1
2009,78723,Other,4302
2009,78723,Robbery,139
2009,78723,Sexual Assault,94
2009,78723,Theft,1013
2009,78724,Aggravated Assault,328
2009,78724,Arson,1
2009,78724,Burglary,409
2009,78724,Motor Vehicle Theft,52
2009,78724,Murder,1
2009,78724,Other,1398
2009,78724,Robbery,35
2009,78724,Sexual Assault,44
2009,78724,Theft,233
2009,78725,Aggravated Assault,26
2009,78725,Burglary,20
2009,78725,Motor Vehicle Theft,1
2009,78725,Other,140
2009,78725,Sexual Assault,8
2009,78725,Theft,32
2009,78726,Aggravated Assault,96
2009,78726,Arson,1
2009,78726,Burglary,146
2009,78726,Motor Vehicle Theft,11
2009,78726,Other,490
2009,78726,Robbery,2
2009,78726,Sexual Assault,6
2009,78726,Theft,130
2009,78727,Aggravated Assault,198
2009,78727,Arson,2
2009,78727,Burglary,538
2009,78727,Motor Vehicle Theft,30
2009,78727,Other,1358
2009,78727,Robbery,13
2009,78727,Sexual Assault,18
2009,78727,Theft,293
2009,78728,Aggravated Assault,8
2009,78728,Burglary,5
2009,78728,Motor Vehicle Theft,2
2009,78728,Other,55
2009,78728,Sexual Assault,1
2009,78728,Theft,23
2009,78729,Aggravated Assault,138
2009,78729,Arson,1
2009,78729,Burglary,165
2009,78729,Motor Vehicle Theft,13
2009,78729,Other,853
2009,78729,Robbery,10
2009,78729,Sexual Assault,14
2009,78729,Theft,251
2009,78730,Aggravated Assault,20
2009,78730,Burglary,41
2009,78730,Motor Vehicle Theft,4
2009,78730,Other,89
2009,78730,Robbery,1
2009,78730,Sexual Assault,1
2009,78730,Theft,19
2009,78731,Aggravated Assault,83
2009,78731,Arson,1
2009,78731,Burglary,634
2009,78731,Motor Vehicle Theft,19
2009,78731,Other,916
2009,78731,Robbery,7
2009,78731,Sexual Assault,8
2009,78731,Theft,243
2009,78732,Aggravated Assault,2
2009,78732,Burglary,2
2009,78732,Other,10
2009,78732,Theft,2
2009,78733,Burglary,1
2009,78733,Other,9
2009,78733,Theft,3
2009,78734,Aggravated Assault,2
2009,78734,Other,5
2009,78734,Sexual Assault,2
2009,78734,Theft,1
2009,78735,Aggravated Assault,73
2009,78735,Burglary,274
2009,78735,Motor Vehicle Theft,5
2009,78735,Other,519
2009,78735,Robbery,5
2009,78735,Sexual Assault,8
2009,78735,Theft,141
2009,78736,Aggravated Assault,12
2009,78736,Burglary,64
2009,78736,Motor Vehicle Theft,3
2009,78736,Other,146
2009,78736,Sexual Assault,2
2009,78736,Theft,24
2009,78737,Aggravated Assault,1
2009,78737,Burglary,4
2009,78737,Other,14
2009,78737,Theft,2
2009,78738,Other,3
2009,78738,Sexual Assault,1
2009,78739,Aggravated Assault,11
2009,78739,Burglary,115
2009,78739,Motor Vehicle Theft,3
2009,78739,Other,217
2009,78739,Sexual Assault,1
2009,78739,Theft,30
2009,78741,Aggravated Assault,1538
2009,78741,Arson,8
2009,78741,Burglary,2100
2009,78741,Motor Vehicle Theft,217
2009,78741,Murder,3
2009,78741,Other,8365
2009,78741,Robbery,241
2009,78741,Sexual Assault,147
2009,78741,Theft,1458
2009,78742,Aggravated Assault,37
2009,78742,Burglary,27
2009,78742,Motor Vehicle Theft,6
2009,78742,Other,115
2009,78742,Robbery,1
2009,78742,Sexual Assault,2
2009,78742,Theft,26
2009,78744,Aggravated Assault,781
2009,78744,Arson,5
2009,78744,Burglary,1425
2009,78744,Motor Vehicle Theft,130
2009,78744,Other,4946
2009,78744,Robbery,50
2009,78744,Sexual Assault,120
2009,78744,Theft,912
2009,78745,Aggravated Assault,854
2009,78745,Arson,7
2009,78745,Burglary,2011
2009,78745,Motor Vehicle Theft,132
2009,78745,Murder,4
2009,78745,Other,5848
2009,78745,Robbery,92
2009,78745,Sexual Assault,110
2009,78745,Theft,1325
2009,78746,Aggravated Assault,62
2009,78746,Arson,1
2009,78746,Burglary,533
2009,78746,Motor Vehicle Theft,24
2009,78746,Other,640
2009,78746,Robbery,5
2009,78746,Sexual Assault,10
2009,78746,Theft,527
2009,78747,Aggravated Assault,76
2009,78747,Burglary,215
2009,78747,Motor Vehicle Theft,13
2009,78747,Other,480
2009,78747,Robbery,2
2009,78747,Sexual Assault,10
2009,78747,Theft,68
2009,78748,Aggravated Assault,351
2009,78748,Arson,3
2009,78748,Burglary,923
2009,78748,Motor Vehicle Theft,44
2009,78748,Other,2390
2009,78748,Robbery,20
2009,78748,Sexual Assault,29
2009,78748,Theft,774
2009,78749,Aggravated Assault,174
2009,78749,Burglary,659
2009,78749,Motor Vehicle Theft,25
2009,78749,Murder,1
2009,78749,Other,1474
2009,78749,Robbery,7
2009,78749,Sexual Assault,19
2009,78749,Theft,440
2009,78750,Aggravated Assault,132
2009,78750,Burglary,300
2009,78750,Motor Vehicle Theft,12
2009,78750,Other,1242
2009,78750,Robbery,7
2009,78750,Sexual Assault,25
2009,78750,Theft,239
2009,78751,Aggravated Assault,764
2009,78751,Arson,3
2009,78751,Burglary,783
2009,78751,Motor Vehicle Theft,46
2009,78751,Other,1885
2009,78751,Robbery,27
2009,78751,Sexual Assault,25
2009,78751,Theft,610
2009,78752,Aggravated Assault,486
2009,78752,Arson,2
2009,78752,Burglary,884
2009,78752,Motor Vehicle Theft,93
2009,78752,Murder,2
2009,78752,Other,2960
2009,78752,Robbery,73
2009,78752,Sexual Assault,49
2009,78752,Theft,779
2009,78753,Aggravated Assault,1099
2009,78753,Arson,6
2009,78753,Burglary,1560
2009,78753,Motor Vehicle Theft,195
2009,78753,Murder,2
2009,78753,Other,6291
2009,78753,Robbery,152
2009,78753,Sexual Assault,87
2009,78753,Theft,1774
2009,78754,Aggravated Assault,138
2009,78754,Arson,3
2009,78754,Burglary,342
2009,78754,Motor Vehicle Theft,32
2009,78754,Other,831
2009,78754,Robbery,12
2009,78754,Sexual Assault,11
2009,78754,Theft,180
2009,78756,Aggravated Assault,63
2009,78756,Arson,1
2009,78756,Burglary,253
2009,78756,Motor Vehicle Theft,20
2009,78756,Other,596
2009,78756,Robbery,5
2009,78756,Sexual Assault,14
2009,78756,Theft,208
2009,78757,Aggravated Assault,270
2009,78757,Arson,2
2009,78757,Burglary,800
2009,78757,Motor Vehicle Theft,61
2009,78757,Other,1932
2009,78757,Robbery,28
2009,78757,Sexual Assault,27
2009,78757,Theft,466
2009,78758,Aggravated Assault,1047
2009,78758,Arson,6
2009,78758,Burglary,1616
2009,78758,Motor Vehicle Theft,160
2009,78758,Murder,2
2009,78758,Other,5489
2009,78758,Robbery,135
2009,78758,Sexual Assault,121
2009,78758,Theft,1324
2009,78759,Aggravated Assault,228
2009,78759,Arson,5
2009,78759,Burglary,1192
2009,78759,Motor Vehicle Theft,63
2009,78759,Other,2233
2009,78759,Robbery,14
2009,78759,Sexual Assault,17
2009,78759,Theft,690
2010,78610,Other,7
2010,78610,Theft,1
2010,78613,Aggravated Assault,20
2010,78613,Burglary,47
2010,78613,Motor Vehicle Theft,9
2010,78613,Other,139
2010,78613,Robbery,5
2010,78613,Sexual Assault,1
2010,78613,Theft,233
2010,78617,Aggravated Assault,125
2010,78617,Arson,4
2010,78617,Burglary,167
2010,78617,Motor Vehicle Theft,6
2010,78617,Murder,1
2010,78617,Other,688
2010,78617,Robbery,7
2010,78617,Sexual Assault,14
2010,78617,Theft,120
2010,78641,Aggravated Assault,1
2010,78641,Other,1
2010,78641,Theft,1
2010,78652,Burglary,5
2010,78652,Other,21
2010,78652,Theft,3
2010,78653,Aggravated Assault,13
2010,78653,Burglary,17
2010,78653,Motor Vehicle Theft,3
2010,78653,Other,73
2010,78653,Sexual Assault,1
2010,78653,Theft,10
2010,78660,Aggravated Assault,24
2010,78660,Burglary,57
2010,78660,Motor Vehicle Theft,13
2010,78660,Other,176
2010,78660,Robbery,3
2010,78660,Sexual Assault,2
2010,78660,Theft,75
2010,78664,Other,11
2010,78664,Sexual Assault,1
2010,78681,Aggravated Assault,1
2010,78681,Other,6
2010,78701,Aggravated Assault,814
2010,78701,Arson,4
2010,78701,Burglary,619
2010,78701,Motor Vehicle Theft,66
2010,78701,Other,7310
2010,78701,Robbery,53
2010,78701,Sexual Assault,51
2010,78701,Theft,1255
2010,78702,Aggravated Assault,695
2010,78702,Arson,6
2010,78702,Burglary,1126
2010,78702,Manslaughter,1
2010,78702,Motor Vehicle Theft,91
2010,78702,Other,5676
2010,78702,Robbery,102
2010,78702,Sexual Assault,66
2010,78702,Theft,886
2010,78703,Aggravated Assault,89
2010,78703,Arson,1
2010,78703,Burglary,485
2010,78703,Motor Vehicle Theft,24
2010,78703,Other,1185
2010,78703,Robbery,5
2010,78703,Sexual Assault,9
2010,78703,Theft,379
2010,78704,Aggravated Assault,637
2010,78704,Arson,9
2010,78704,Burglary,1760
2010,78704,Motor Vehicle Theft,120
2010,78704,Other,5625
2010,78704,Robbery,78
2010,78704,Sexual Assault,62
2010,78704,Theft,1530
2010,78705,Aggravated Assault,221
2010,78705,Burglary,967
2010,78705,Motor Vehicle Theft,48
2010,78705,Other,1989
2010,78705,Robbery,23
2010,78705,Sexual Assault,44
2010,78705,Theft,668
2010,78712,Burglary,4
2010,78712,Other,22
2010,78712,Theft,8
2010,78717,Aggravated Assault,54
2010,78717,Burglary,97
2010,78717,Motor Vehicle Theft,11
2010,78717,Other,453
2010,78717,Robbery,2
2010,78717,Sexual Assault,6
2010,78717,Theft,145
2010,78719,Aggravated Assault,12
2010,78719,Burglary,15
2010,78719,Motor Vehicle Theft,4
2010,78719,Other,442
2010,78719,Sexual Assault,2
2010,78719,Theft,91
2010,78721,Aggravated Assault,393
2010,78721,Arson,5
2010,78721,Burglary,408
2010,78721,Motor Vehicle Theft,30
2010,78721,Murder,4
2010,78721,Other,2021
2010,78721,Robbery,35
2010,78721,Sexual Assault,30
2010,78721,Theft,294
2010,78722,Aggravated Assault,108
2010,78722,Burglary,241
2010,78722,Manslaughter,1
2010,78722,Motor Vehicle Theft,22
2010,78722,Other,723
2010,78722,Robbery,18
2010,78722,Sexual Assault,8
2010,78722,Theft,245
2010,78723,Aggravated Assault,758
2010,78723,Arson,7
2010,78723,Burglary,938
2010,78723,Motor Vehicle Theft,105
2010,78723,Murder,4
2010,78723,Other,3934
2010,78723,Robbery,106
2010,78723,Sexual Assault,99
2010,78723,Theft,967
2010,78724,Aggravated Assault,324
2010,78724,Arson,6
2010,78724,Burglary,369
2010,78724,Motor Vehicle Theft,39
2010,78724,Other,1348
2010,78724,Robbery,19
2010,78724,Sexual Assault,34
2010,78724,Theft,191
2010,78725,Aggravated Assault,19
2010,78725,Arson,1
2010,78725,Burglary,27
2010,78725,Motor Vehicle Theft,2
2010,78725,Other,121
2010,78725,Robbery,2
2010,78725,Sexual Assault,6
2010,78725,Theft,41
2010,78726,Aggravated Assault,74
2010,78726,Arson,1
2010,78726,Burglary,89
2010,78726,Motor Vehicle Theft,11
2010,78726,Other,474
2010,78726,Robbery,1
2010,78726,Sexual Assault,9
2010,78726,Theft,105
2010,78727,Aggravated Assault,181
2010,78727,Arson,1
2010,78727,Burglary,447
2010,78727,Motor Vehicle Theft,28
2010,78727,Other,1362
2010,78727,Robbery,11
2010,78727,Sexual Assault,12
2010,78727,Theft,365
2010,78728,Aggravated Assault,3
2010,78728,Burglary,5
2010,78728,Other,50
2010,78728,Theft,13
2010,78729,Aggravated Assault,135
2010,78729,Burglary,163
2010,78729,Motor Vehicle Theft,25
2010,78729,Other,842
2010,78729,Robbery,5
2010,78729,Sexual Assault,17
2010,78729,Theft,209
2010,78730,Aggravated Assault,18
2010,78730,Burglary,37
2010,78730,Motor Vehicle Theft,1
2010,78730,Other,92
2010,78730,Sexual Assault,3
2010,78730,Theft,27
2010,78731,Aggravated Assault,75
2010,78731,Arson,2
2010,78731,Burglary,439
2010,78731,Motor Vehicle Theft,14
2010,78731,Other,956
2010,78731,Robbery,6
2010,78731,Sexual Assault,19
2010,78731,Theft,275
2010,78732,Burglary,1
2010,78732,Other,11
2010,78732,Theft,6
2010,78733,Burglary,1
2010,78733,Other,9
2010,78733,Sexual Assault,1
2010,78733,Theft,2
2010,78734,Aggravated Assault,1
2010,78734,Other,4
2010,78735,Aggravated Assault,62
2010,78735,Burglary,168
2010,78735,Motor Vehicle Theft,9
2010,78735,Other,549
2010,78735,Robbery,4
2010,78735,Sexual Assault,6
2010,78735,Theft,145
2010,78736,Aggravated Assault,22
2010,78736,Burglary,72
2010,78736,Motor Vehicle Theft,2
2010,78736,Other,147
2010,78736,Robbery,2
2010,78736,Theft,37
2010,78737,Aggravated Assault,1
2010,78737,Burglary,2
2010,78737,Other,5
2010,78737,Sexual Assault,1
2010,78737,Theft,2
2010,78738,Other,3
2010,78739,Aggravated Assault,12
2010,78739,Burglary,96
2010,78739,Other,208
2010,78739,Sexual Assault,3
2010,78739,Theft,55
2010,78741,Aggravated Assault,1466
2010,78741,Arson,5
2010,78741,Burglary,2115
2010,78741,Manslaughter,1
2010,78741,Motor Vehicle Theft,226
2010,78741,Murder,3
2010,78741,Other,8285
2010,78741,Robbery,177
2010,78741,Sexual Assault,127
2010,78741,Theft,1534
2010,78742,Aggravated Assault,25
2010,78742,Burglary,22
2010,78742,Motor Vehicle Theft,2
2010,78742,Murder,1
2010,78742,Other,121
2010,78742,Robbery,2
2010,78742,Sexual Assault,3
2010,78742,Theft,26
2010,78744,Aggravated Assault,745
2010,78744,Arson,12
2010,78744,Burglary,1455
2010,78744,Manslaughter,1
2010,78744,Motor Vehicle Theft,123
2010,78744,Murder,3
2010,78744,Other,4987
2010,78744,Robbery,51
2010,78744,Sexual Assault,82
2010,78744,Theft,907
2010,78745,Aggravated Assault,848
2010,78745,Arson,11
2010,78745,Burglary,1738
2010,78745,Manslaughter,1
2010,78745,Motor Vehicle Theft,144
2010,78745,Murder,2
2010,78745,Other,5403
2010,78745,Robbery,46
2010,78745,Sexual Assault,83
2010,78745,Theft,1441
2010,78746,Aggravated Assault,54
2010,78746,Arson,1
2010,78746,Burglary,415
2010,78746,Motor Vehicle Theft,28
2010,78746,Other,752
2010,78746,Robbery,5
2010,78746,Sexual Assault,8
2010,78746,Theft,590
2010,78747,Aggravated Assault,75
2010,78747,Burglary,228
2010,78747,Motor Vehicle Theft,9
2010,78747,Other,457
2010,78747,Robbery,4
2010,78747,Sexual Assault,11
2010,78747,Theft,77
2010,78748,Aggravated Assault,350
2010,78748,Arson,5
2010,78748,Burglary,702
2010,78748,Motor Vehicle Theft,63
2010,78748,Murder,2
2010,78748,Other,2377
2010,78748,Robbery,19
2010,78748,Sexual Assault,37
2010,78748,Theft,1030
2010,78749,Aggravated Assault,183
2010,78749,Arson,2
2010,78749,Burglary,567
2010,78749,Motor Vehicle Theft,24
2010,78749,Murder,1
2010,78749,Other,1440
2010,78749,Robbery,10
2010,78749,Sexual Assault,22
2010,78749,Theft,542
2010,78750,Aggravated Assault,149
2010,78750,Burglary,284
2010,78750,Motor Vehicle Theft,16
2010,78750,Murder,1
2010,78750,Other,1157
2010,78750,Robbery,6
2010,78750,Sexual Assault,20
2010,78750,Theft,264
2010,78751,Aggravated Assault,891
2010,78751,Arson,3
2010,78751,Burglary,616
2010,78751,Motor Vehicle Theft,49
2010,78751,Murder,1
2010,78751,Other,1918
2010,78751,Robbery,20
2010,78751,Sexual Assault,39
2010,78751,Theft,654
2010,78752,Aggravated Assault,427
2010,78752,Arson,5
2010,78752,Burglary,839
2010,78752,Manslaughter,1
2010,78752,Motor Vehicle Theft,96
2010,78752,Murder,1
2010,78752,Other,2786
2010,78752,Robbery,65
2010,78752,Sexual Assault,43
2010,78752,Theft,673
2010,78753,Aggravated Assault,1036
2010,78753,Arson,8
2010,78753,Burglary,1719
2010,78753,Motor Vehicle Theft,234
2010,78753,Murder,4
2010,78753,Other,6729
2010,78753,Robbery,106
2010,78753,Sexual Assault,94
2010,78753,Theft,1832
2010,78754,Aggravated Assault,124
2010,78754,Burglary,294
2010,78754,Motor Vehicle Theft,28
2010,78754,Murder,1
2010,78754,Other,768
2010,78754,Robbery,9
2010,78754,Sexual Assault,8
2010,78754,Theft,205
2010,78756,Aggravated Assault,55
2010,78756,Arson,3
2010,78756,Burglary,219
2010,78756,Motor Vehicle Theft,22
2010,78756,Other,606
2010,78756,Robbery,4
2010,78756,Sexual Assault,14
2010,78756,Theft,198
2010,78757,Aggravated Assault,268
2010,78757,Arson,1
2010,78757,Burglary,758
2010,78757,Motor Vehicle Theft,57
2010,78757,Other,1920
2010,78757,Robbery,21
2010,78757,Sexual Assault,35
2010,78757,Theft,561
2010,78758,Aggravated Assault,1070
2010,78758,Arson,6
2010,78758,Burglary,1670
2010,78758,Motor Vehicle Theft,232
2010,78758,Murder,3
2010,78758,Other,5827
2010,78758,Robbery,147
2010,78758,Sexual Assault,98
2010,78758,Theft,1403
2010,78759,Aggravated Assault,239
2010,78759,Arson,1
2010,78759,Burglary,904
2010,78759,Motor Vehicle Theft,77
2010,78759,Murder,1
2010,78759,Other,2106
2010,78759,Robbery,17
2010,78759,Sexual Assault,25
2010,78759,Theft,676
2011,78610,Burglary,1
2011,78610,Other,5
2011,78610,Theft,1
2011,78613,Aggravated Assault,23
2011,78613,Burglary,16
2011,78613,Motor Vehicle Theft,8
2011,78613,Other,103
2011,78613,Robbery,1
2011,78613,Sexual Assault,1
2011,78613,Theft,297
2011,78617,Aggravated Assault,134
2011,78617,Arson,3
2011,78617,Burglary,130
2011,78617,Motor Vehicle Theft,3
2011,78617,Other,697
2011,78617,Robbery,6
2011,78617,Sexual Assault,17
2011,78617,Theft,104
2011,78652,Burglary,2
2011,78652,Other,22
2011,78652,Theft,9
2011,78653,Aggravated Assault,6
2011,78653,Burglary,21
2011,78653,Other,64
2011,78653,Theft,6
2011,78660,Aggravated Assault,33
2011,78660,Burglary,70
2011,78660,Motor Vehicle Theft,6
2011,78660,Other,142
2011,78660,Sexual Assault,1
2011,78660,Theft,51
2011,78664,Aggravated Assault,2
2011,78664,Burglary,1
2011,78664,Other,7
2011,78681,Other,3
2011,78681,Theft,1
2011,78701,Aggravated Assault,925
2011,78701,Arson,1
2011,78701,Burglary,643
2011,78701,Motor Vehicle Theft,66
2011,78701,Murder,3
2011,78701,Negligent Homicide,1
2011,78701,Other,6971
2011,78701,Robbery,89
2011,78701,Sexual Assault,52
2011,78701,Theft,1561
2011,78702,Aggravated Assault,692
2011,78702,Arson,10
2011,78702,Burglary,1015
2011,78702,Motor Vehicle Theft,75
2011,78702,Murder,2
2011,78702,Other,5038
2011,78702,Robbery,93
2011,78702,Sexual Assault,58
2011,78702,Theft,885
2011,78703,Aggravated Assault,96
2011,78703,Arson,1
2011,78703,Burglary,506
2011,78703,Motor Vehicle Theft,28
2011,78703,Other,1236
2011,78703,Robbery,4
2011,78703,Sexual Assault,18
2011,78703,Theft,334
2011,78704,Aggravated Assault,633
2011,78704,Arson,6
2011,78704,Burglary,1482
2011,78704,Manslaughter,1
2011,78704,Motor Vehicle Theft,118
2011,78704,Murder,4
2011,78704,Other,5482
2011,78704,Robbery,59
2011,78704,Sexual Assault,63
2011,78704,Theft,1455
2011,78705,Aggravated Assault,246
2011,78705,Arson,2
2011,78705,Burglary,538
2011,78705,Motor Vehicle Theft,40
2011,78705,Other,1936
2011,78705,Robbery,21
2011,78705,Sexual Assault,50
2011,78705,Theft,580
2011,78712,Aggravated Assault,2
2011,78712,Motor Vehicle Theft,1
2011,78712,Other,15
2011,78712,Theft,6
2011,78717,Aggravated Assault,56
2011,78717,Burglary,91
2011,78717,Motor Vehicle Theft,8
2011,78717,Other,378
2011,78717,Sexual Assault,6
2011,78717,Theft,153
2011,78719,Aggravated Assault,15
2011,78719,Burglary,13
2011,78719,Motor Vehicle Theft,16
2011,78719,Other,428
2011,78719,Theft,114
2011,78721,Aggravated Assault,378
2011,78721,Arson,9
2011,78721,Burglary,272
2011,78721,Motor Vehicle Theft,28
2011,78721,Murder,1
2011,78721,Other,1701
2011,78721,Robbery,23
2011,78721,Sexual Assault,35
2011,78721,Theft,263
2011,78722,Aggravated Assault,77
2011,78722,Arson,2
2011,78722,Burglary,202
2011,78722,Motor Vehicle Theft,12
2011,78722,Other,675
2011,78722,Robbery,7
2011,78722,Sexual Assault,9
2011,78722,Theft,205
2011,78723,Aggravated Assault,871
2011,78723,Arson,8
2011,78723,Burglary,1032
2011,78723,Motor Vehicle Theft,116
2011,78723,Murder,2
2011,78723,Other,4403
2011,78723,Robbery,88
2011,78723,Sexual Assault,76
2011,78723,Theft,980
2011,78724,Aggravated Assault,339
2011,78724,Arson,7
2011,78724,Burglary,316
2011,78724,Motor Vehicle Theft,35
2011,78724,Other,1284
2011,78724,Robbery,10
2011,78724,Sexual Assault,34
2011,78724,Theft,201
2011,78725,Aggravated Assault,22
2011,78725,Arson,1
2011,78725,Burglary,31
2011,78725,Motor Vehicle Theft,3
2011,78725,Other,155
2011,78725,Robbery,1
2011,78725,Sexual Assault,3
2011,78725,Theft,40
2011,78726,Aggravated Assault,64
2011,78726,Burglary,75
2011,78726,Motor Vehicle Theft,8
2011,78726,Other,439
2011,78726,Robbery,2
2011,78726,Sexual Assault,7
2011,78726,Theft,107
2011,78727,Aggravated Assault,166
2011,78727,Arson,1
2011,78727,Burglary,323
2011,78727,Motor Vehicle Theft,27
2011,78727,Other,1194
2011,78727,Robbery,6
2011,78727,Sexual Assault,22
2011,78727,Theft,342
2011,78728,Aggravated Assault,7
2011,78728,Burglary,6
2011,78728,Motor Vehicle Theft,1
2011,78728,Other,58
2011,78728,Theft,18
2011,78729,Aggravated Assault,163
2011,78729,Burglary,225
2011,78729,Motor Vehicle Theft,31
2011,78729,Other,1045
2011,78729,Robbery,6
2011,78729,Sexual Assault,15
2011,78729,Theft,272
2011,78730,Aggravated Assault,13
2011,78730,Burglary,34
2011,78730,Other,85
2011,78730,Sexual Assault,1
2011,78730,Theft,29
2011,78731,Aggravated Assault,102
2011,78731,Arson,1
2011,78731,Burglary,354
2011,78731,Motor Vehicle Theft,10
2011,78731,Other,844
2011,78731,Robbery,4
2011,78731,Sexual Assault,12
2011,78731,Theft,270
2011,78732,Burglary,1
2011,78732,Other,13
2011,78732,Theft,4
2011,78733,Other,8
2011,78733,Theft,3
2011,78734,Aggravated Assault,1
2011,78734,Other,5
2011,78735,Aggravated Assault,69
2011,78735,Arson,1
2011,78735,Burglary,121
2011,78735,Motor Vehicle Theft,6
2011,78735,Other,513
2011,78735,Robbery,1
2011,78735,Sexual Assault,7
2011,78735,Theft,133
2011,78736,Aggravated Assault,20
2011,78736,Arson,1
2011,78736,Burglary,36
2011,78736,Motor Vehicle Theft,2
2011,78736,Other,190
2011,78736,Robbery,1
2011,78736,Sexual Assault,3
2011,78736,Theft,34
2011,78737,Aggravated Assault,1
2011,78737,Burglary,1
2011,78737,Other,7
2011,78737,Theft,2
2011,78738,Aggravated Assault,2
2011,78738,Other,2
2011,78739,Aggravated Assault,9
2011,78739,Arson,1
2011,78739,Burglary,67
2011,78739,Motor Vehicle Theft,1
2011,78739,Other,180
2011,78739,Sexual Assault,6
2011,78739,Theft,54
2011,78741,Aggravated Assault,1505
2011,78741,Arson,9
2011,78741,Burglary,1806
2011,78741,Motor Vehicle Theft,207
2011,78741,Murder,1
2011,78741,Other,7219
2011,78741,Robbery,181
2011,78741,Sexual Assault,125
2011,78741,Theft,1568
2011,78742,Aggravated Assault,23
2011,78742,Burglary,30
2011,78742,Motor Vehicle Theft,3
2011,78742,Other,110
2011,78742,Sexual Assault,1
2011,78742,Theft,10
2011,78744,Aggravated Assault,748
2011,78744,Arson,12
2011,78744,Burglary,1145
2011,78744,Motor Vehicle Theft,103
2011,78744,Murder,5
2011,78744,Other,4567
2011,78744,Robbery,36
2011,78744,Sexual Assault,66
2011,78744,Theft,819
2011,78745,Aggravated Assault,776
2011,78745,Arson,8
2011,78745,Burglary,1363
2011,78745,Motor Vehicle Theft,134
2011,78745,Murder,2
2011,78745,Other,4930
2011,78745,Robbery,62
2011,78745,Sexual Assault,57
2011,78745,Theft,1186
2011,78746,Aggravated Assault,54
2011,78746,Arson,1
2011,78746,Burglary,279
2011,78746,Motor Vehicle Theft,37
2011,78746,Other,634
2011,78746,Robbery,5
2011,78746,Sexual Assault,7
2011,78746,Theft,597
2011,78747,Aggravated Assault,62
2011,78747,Burglary,135
2011,78747,Motor Vehicle Theft,17
2011,78747,Other,499
2011,78747,Robbery,1
2011,78747,Sexual Assault,5
2011,78747,Theft,76
2011,78748,Aggravated Assault,351
2011,78748,Arson,3
2011,78748,Burglary,575
2011,78748,Motor Vehicle Theft,66
2011,78748,Murder,1
2011,78748,Other,2168
2011,78748,Robbery,16
2011,78748,Sexual Assault,43
2011,78748,Theft,975
2011,78749,Aggravated Assault,155
2011,78749,Arson,2
2011,78749,Burglary,346
2011,78749,Motor Vehicle Theft,21
2011,78749,Other,1234
2011,78749,Robbery,11
2011,78749,Sexual Assault,19
2011,78749,Theft,510
2011,78750,Aggravated Assault,121
2011,78750,Arson,1
2011,78750,Burglary,244
2011,78750,Motor Vehicle Theft,12
2011,78750,Other,973
2011,78750,Robbery,5
2011,78750,Sexual Assault,22
2011,78750,Theft,229
2011,78751,Aggravated Assault,1129
2011,78751,Arson,2
2011,78751,Burglary,538
2011,78751,Motor Vehicle Theft,35
2011,78751,Other,1875
2011,78751,Robbery,19
2011,78751,Sexual Assault,26
2011,78751,Theft,618
2011,78752,Aggravated Assault,484
2011,78752,Burglary,795
2011,78752,Motor Vehicle Theft,124
2011,78752,Murder,1
2011,78752,Other,2750
2011,78752,Robbery,53
2011,78752,Sexual Assault,41
2011,78752,Theft,649
2011,78753,Aggravated Assault,1051
2011,78753,Arson,13
2011,78753,Burglary,1560
2011,78753,Motor Vehicle Theft,189
2011,78753,Murder,2
2011,78753,Other,5649
2011,78753,Robbery,103
2011,78753,Sexual Assault,78
2011,78753,Theft,1951
2011,78754,Aggravated Assault,143
2011,78754,Arson,1
2011,78754,Burglary,278
2011,78754,Motor Vehicle Theft,29
2011,78754,Other,778
2011,78754,Robbery,6
2011,78754,Sexual Assault,5
2011,78754,Theft,211
2011,78756,Aggravated Assault,65
2011,78756,Arson,1
2011,78756,Burglary,173
2011,78756,Motor Vehicle Theft,8
2011,78756,Other,549
2011,78756,Robbery,6
2011,78756,Sexual Assault,7
2011,78756,Theft,222
2011,78757,Aggravated Assault,280
2011,78757,Arson,1
2011,78757,Burglary,775
2011,78757,Motor Vehicle Theft,62
2011,78757,Murder,1
2011,78757,Other,1738
2011,78757,Robbery,22
2011,78757,Sexual Assault,25
2011,78757,Theft,634
2011,78758,Aggravated Assault,999
2011,78758,Arson,7
2011,78758,Burglary,1399
2011,78758,Motor Vehicle Theft,185
2011,78758,Murder,1
2011,78758,Other,4826
2011,78758,Robbery,106
2011,78758,Sexual Assault,95
2011,78758,Theft,1282
2011,78759,Aggravated Assault,218
2011,78759,Arson,1
2011,78759,Burglary,981
2011,78759,Motor Vehicle Theft,46
2011,78759,Other,1811
2011,78759,Robbery,12
2011,78759,Sexual Assault,27
2011,78759,Theft,684
2012,78610,Other,2
2012,78613,Aggravated Assault,13
2012,78613,Burglary,51
2012,78613,Motor Vehicle Theft,18
2012,78613,Other,116
2012,78613,Robbery,1
2012,78613,Sexual Assault,2
2012,78613,Theft,257
2012,78617,Aggravated Assault,148
2012,78617,Burglary,120
2012,78617,Motor Vehicle Theft,6
2012,78617,Murder,1
2012,78617,Other,641
2012,78617,Robbery,4
2012,78617,Sexual Assault,20
2012,78617,Theft,96
2012,78641,Other,2
2012,78652,Aggravated Assault,2
2012,78652,Burglary,7
2012,78652,Other,45
2012,78652,Theft,4
2012,78653,Aggravated Assault,5
2012,78653,Burglary,21
2012,78653,Other,50
2012,78653,Theft,8
2012,78660,Aggravated Assault,37
2012,78660,Burglary,64
2012,78660,Motor Vehicle Theft,5
2012,78660,Other,141
2012,78660,Sexual Assault,2
2012,78660,Theft,65
2012,78664,Burglary,1
2012,78664,Other,8
2012,78681,Other,6
2012,78701,Aggravated Assault,1097
2012,78701,Arson,1
2012,78701,Burglary,421
2012,78701,Manslaughter,2
2012,78701,Motor Vehicle Theft,59
2012,78701,Murder,2
2012,78701,Other,6599
2012,78701,Robbery,75
2012,78701,Sexual Assault,68
2012,78701,Theft,1658
2012,78702,Aggravated Assault,755
2012,78702,Arson,7
2012,78702,Burglary,1031
2012,78702,Motor Vehicle Theft,91
2012,78702,Murder,2
2012,78702,Other,4920
2012,78702,Robbery,81
2012,78702,Sexual Assault,53
2012,78702,Theft,861
2012,78703,Aggravated Assault,97
2012,78703,Arson,1
2012,78703,Burglary,444
2012,78703,Motor Vehicle Theft,32
2012,78703,Other,1227
2012,78703,Robbery,8
2012,78703,Sexual Assault,5
2012,78703,Theft,371
2012,78704,Aggravated Assault,661
2012,78704,Arson,3
2012,78704,Burglary,1455
2012,78704,Motor Vehicle Theft,176
2012,78704,Murder,1
2012,78704,Other,5090
2012,78704,Robbery,38
2012,78704,Sexual Assault,61
2012,78704,Theft,1472
2012,78705,Aggravated Assault,236
2012,78705,Arson,8
2012,78705,Burglary,500
2012,78705,Motor Vehicle Theft,40
2012,78705,Murder,1
2012,78705,Other,1673
2012,78705,Robbery,16
2012,78705,Sexual Assault,27
2012,78705,Theft,602
2012,78712,Aggravated Assault,2
2012,78712,Burglary,3
2012,78712,Motor Vehicle Theft,1
2012,78712,Other,17
2012,78712,Theft,3
2012,78717,Aggravated Assault,50
2012,78717,Burglary,78
2012,78717,Motor Vehicle Theft,5
2012,78717,Murder,1
2012,78717,Other,337
2012,78717,Sexual Assault,5
2012,78717,Theft,132
2012,78719,Aggravated Assault,26
2012,78719,Burglary,5
2012,78719,Motor Vehicle Theft,11
2012,78719,Other,466
2012,78719,Theft,121
2012,78721,Aggravated Assault,361
2012,78721,Arson,8
2012,78721,Burglary,262
2012,78721,Manslaughter,1
2012,78721,Motor Vehicle Theft,37
2012,78721,Other,1653
2012,78721,Robbery,21
2012,78721,Sexual Assault,19
2012,78721,Theft,280
2012,78722,Aggravated Assault,77
2012,78722,Burglary,227
2012,78722,Motor Vehicle Theft,26
2012,78722,Other,596
2012,78722,Robbery,10
2012,78722,Sexual Assault,5
2012,78722,Theft,175
2012,78723,Aggravated Assault,877
2012,78723,Arson,5
2012,78723,Burglary,822
2012,78723,Motor Vehicle Theft,105
2012,78723,Murder,3
2012,78723,Other,4162
2012,78723,Robbery,63
2012,78723,Sexual Assault,83
2012,78723,Theft,1150
2012,78724,Aggravated Assault,323
2012,78724,Arson,6
2012,78724,Burglary,286
2012,78724,Motor Vehicle Theft,42
2012,78724,Murder,1
2012,78724,Other,1428
2012,78724,Robbery,20
2012,78724,Sexual Assault,25
2012,78724,Theft,240
2012,78725,Aggravated Assault,24
2012,78725,Burglary,20
2012,78725,Motor Vehicle Theft,2
2012,78725,Other,108
2012,78725,Sexual Assault,2
2012,78725,Theft,29
2012,78726,Aggravated Assault,62
2012,78726,Burglary,114
2012,78726,Motor Vehicle Theft,10
2012,78726,Other,353
2012,78726,Sexual Assault,6
2012,78726,Theft,99
2012,78727,Aggravated Assault,164
2012,78727,Arson,1
2012,78727,Burglary,355
2012,78727,Motor Vehicle Theft,19
2012,78727,Murder,1
2012,78727,Other,1059
2012,78727,Robbery,7
2012,78727,Sexual Assault,10
2012,78727,Theft,297
2012,78728,Aggravated Assault,7
2012,78728,Burglary,2
2012,78728,Other,40
2012,78728,Robbery,1
2012,78728,Theft,8
2012,78729,Aggravated Assault,163
2012,78729,Arson,1
2012,78729,Burglary,206
2012,78729,Motor Vehicle Theft,21
2012,78729,Murder,1
2012,78729,Other,903
2012,78729,Robbery,6
2012,78729,Sexual Assault,14
2012,78729,Theft,259
2012,78730,Aggravated Assault,18
2012,78730,Burglary,31
2012,78730,Motor Vehicle Theft,1
2012,78730,Other,82
2012,78730,Theft,22
2012,78731,Aggravated Assault,127
2012,78731,Arson,2
2012,78731,Burglary,391
2012,78731,Motor Vehicle Theft,17
2012,78731,Other,813
2012,78731,Robbery,4
2012,78731,Sexual Assault,10
2012,78731,Theft,223
2012,78732,Aggravated Assault,2
2012,78732,Arson,1
2012,78732,Burglary,1
2012,78732,Other,5
2012,78732,Theft,3
2012,78733,Aggravated Assault,1
2012,78733,Other,8
2012,78734,Aggravated Assault,1
2012,78734,Other,3
2012,78735,Aggravated Assault,61
2012,78735,Arson,3
2012,78735,Burglary,187
2012,78735,Motor Vehicle Theft,15
2012,78735,Murder,2
2012,78735,Other,478
2012,78735,Robbery,4
2012,78735,Sexual Assault,13
2012,78735,Theft,162
2012,78736,Aggravated Assault,21
2012,78736,Burglary,38
2012,78736,Other,117
2012,78736,Sexual Assault,6
2012,78736,Theft,24
2012,78737,Aggravated Assault,2
2012,78737,Other,9
2012,78737,Theft,3
2012,78738,Aggravated Assault,1
2012,78739,Aggravated Assault,21
2012,78739,Burglary,77
2012,78739,Motor Vehicle Theft,1
2012,78739,Other,160
2012,78739,Sexual Assault,4
2012,78739,Theft,52
2012,78741,Aggravated Assault,1559
2012,78741,Arson,8
2012,78741,Burglary,2031
2012,78741,Motor Vehicle Theft,263
2012,78741,Murder,5
2012,78741,Negligent Homicide,1
2012,78741,Other,6805
2012,78741,Robbery,146
2012,78741,Sexual Assault,117
2012,78741,Theft,1752
2012,78742,Aggravated Assault,15
2012,78742,Burglary,30
2012,78742,Motor Vehicle Theft,4
2012,78742,Other,80
2012,78742,Robbery,2
2012,78742,Sexual Assault,3
2012,78742,Theft,20
2012,78744,Aggravated Assault,802
2012,78744,Arson,10
2012,78744,Burglary,1185
2012,78744,Motor Vehicle Theft,113
2012,78744,Other,4120
2012,78744,Robbery,49
2012,78744,Sexual Assault,84
2012,78744,Theft,826
2012,78745,Aggravated Assault,792
2012,78745,Arson,6
2012,78745,Burglary,1395
2012,78745,Motor Vehicle Theft,164
2012,78745,Murder,1
2012,78745,Other,4688
2012,78745,Robbery,49
2012,78745,Sexual Assault,61
2012,78745,Theft,1196
2012,78746,Aggravated Assault,54
2012,78746,Burglary,381
2012,78746,Motor Vehicle Theft,71
2012,78746,Other,615
2012,78746,Robbery,8
2012,78746,Sexual Assault,10
2012,78746,Theft,577
2012,78747,Aggravated Assault,98
2012,78747,Arson,3
2012,78747,Burglary,191
2012,78747,Motor Vehicle Theft,6
2012,78747,Other,437
2012,78747,Robbery,1
2012,78747,Sexual Assault,8
2012,78747,Theft,77
2012,78748,Aggravated Assault,320
2012,78748,Arson,2
2012,78748,Burglary,717
2012,78748,Motor Vehicle Theft,77
2012,78748,Murder,1
2012,78748,Other,2049
2012,78748,Robbery,15
2012,78748,Sexual Assault,25
2012,78748,Theft,898
2012,78749,Aggravated Assault,164
2012,78749,Arson,2
2012,78749,Burglary,506
2012,78749,Manslaughter,1
2012,78749,Motor Vehicle Theft,19
2012,78749,Other,1133
2012,78749,Robbery,7
2012,78749,Sexual Assault,19
2012,78749,Theft,538
2012,78750,Aggravated Assault,139
2012,78750,Arson,1
2012,78750,Burglary,286
2012,78750,Motor Vehicle Theft,19
2012,78750,Other,918
2012,78750,Robbery,5
2012,78750,Sexual Assault,10
2012,78750,Theft,245
2012,78751,Aggravated Assault,1117
2012,78751,Burglary,474
2012,78751,Motor Vehicle Theft,40
2012,78751,Murder,1
2012,78751,Other,1807
2012,78751,Robbery,17
2012,78751,Sexual Assault,29
2012,78751,Theft,597
2012,78752,Aggravated Assault,607
2012,78752,Arson,5
2012,78752,Burglary,711
2012,78752,Motor Vehicle Theft,99
2012,78752,Other,2739
2012,78752,Robbery,45
2012,78752,Sexual Assault,43
2012,78752,Theft,624
2012,78753,Aggravated Assault,1068
2012,78753,Arson,12
2012,78753,Burglary,1591
2012,78753,Motor Vehicle Theft,213
2012,78753,Murder,3
2012,78753,Other,5382
2012,78753,Robbery,91
2012,78753,Sexual Assault,93
2012,78753,Theft,2313
2012,78754,Aggravated Assault,139
2012,78754,Arson,1
2012,78754,Burglary,246
2012,78754,Motor Vehicle Theft,26
2012,78754,Murder,1
2012,78754,Other,676
2012,78754,Robbery,6
2012,78754,Sexual Assault,13
2012,78754,Theft,178
2012,78756,Aggravated Assault,65
2012,78756,Arson,2
2012,78756,Burglary,178
2012,78756,Motor Vehicle Theft,8
2012,78756,Other,503
2012,78756,Robbery,4
2012,78756,Sexual Assault,5
2012,78756,Theft,198
2012,78757,Aggravated Assault,254
2012,78757,Arson,2
2012,78757,Burglary,768
2012,78757,Manslaughter,1
2012,78757,Motor Vehicle Theft,59
2012,78757,Negligent Homicide,1
2012,78757,Other,1624
2012,78757,Robbery,22
2012,78757,Sexual Assault,14
2012,78757,Theft,549
2012,78758,Aggravated Assault,1071
2012,78758,Arson,6
2012,78758,Burglary,1535
2012,78758,Motor Vehicle Theft,187
2012,78758,Murder,3
2012,78758,Other,4929
2012,78758,Robbery,115
2012,78758,Sexual Assault,89
2012,78758,Theft,1232
2012,78759,Aggravated Assault,220
2012,78759,Arson,2
2012,78759,Burglary,1124
2012,78759,Motor Vehicle Theft,52
2012,78759,Other,1679
2012,78759,Robbery,7
2012,78759,Sexual Assault,16
2012,78759,Theft,652
2013,78610,Aggravated Assault,1
2013,78610,Other,1
2013,78613,Aggravated Assault,7
2013,78613,Burglary,86
2013,78613,Motor Vehicle Theft,3
2013,78613,Other,91
2013,78613,Robbery,3
2013,78613,Sexual Assault,2
2013,78613,Theft,254
2013,78617,Aggravated Assault,125
2013,78617,Burglary,168
2013,78617,Motor Vehicle Theft,5
2013,78617,Other,560
2013,78617,Robbery,5
2013,78617,Sexual Assault,8
2013,78617,Theft,111
2013,78641,Aggravated Assault,1
2013,78652,Aggravated Assault,1
2013,78652,Arson,1
2013,78652,Burglary,3
2013,78652,Motor Vehicle Theft,1
2013,78652,Other,26
2013,78652,Theft,3
2013,78653,Aggravated Assault,6
2013,78653,Arson,1
2013,78653,Burglary,9
2013,78653,Motor Vehicle Theft,1
2013,78653,Other,51
2013,78653,Sexual Assault,1
2013,78653,Theft,13
2013,78660,Aggravated Assault,25
2013,78660,Burglary,103
2013,78660,Motor Vehicle Theft,3
2013,78660,Other,140
2013,78660,Sexual Assault,6
2013,78660,Theft,69
2013,78664,Aggravated Assault,1
2013,78664,Other,1
2013,78681,Other,2
2013,78701,Aggravated Assault,997
2013,78701,Arson,4
2013,78701,Burglary,437
2013,78701,Manslaughter,1
2013,78701,Motor Vehicle Theft,71
2013,78701,Murder,3
2013,78701,Other,6402
2013,78701,Robbery,60
2013,78701,Sexual Assault,53
2013,78701,Theft,1665
2013,78702,Aggravated Assault,656
2013,78702,Arson,12
2013,78702,Burglary,1070
2013,78702,Motor Vehicle Theft,88
2013,78702,Murder,2
2013,78702,Other,4496
2013,78702,Robbery,70
2013,78702,Sexual Assault,37
2013,78702,Theft,836
2013,78703,Aggravated Assault,88
2013,78703,Burglary,372
2013,78703,Motor Vehicle Theft,19
2013,78703,Other,1196
2013,78703,Robbery,4
2013,78703,Sexual Assault,10
2013,78703,Theft,324
2013,78704,Aggravated Assault,547
2013,78704,Arson,3
2013,78704,Burglary,1226
2013,78704,Motor Vehicle Theft,124
2013,78704,Other,5002
2013,78704,Robbery,24
2013,78704,Sexual Assault,47
2013,78704,Theft,1633
2013,78705,Aggravated Assault,212
2013,78705,Arson,4
2013,78705,Burglary,473
2013,78705,Motor Vehicle Theft,35
2013,78705,Other,1294
2013,78705,Robbery,8
2013,78705,Sexual Assault,23
2013,78705,Theft,628
2013,78712,Aggravated Assault,3
2013,78712,Other,6
2013,78712,Theft,11
2013,78717,Aggravated Assault,62
2013,78717,Arson,1
2013,78717,Burglary,86
2013,78717,Motor Vehicle Theft,7
2013,78717,Other,343
2013,78717,Sexual Assault,2
2013,78717,Theft,167
2013,78719,Aggravated Assault,26
2013,78719,Burglary,5
2013,78719,Motor Vehicle Theft,15
2013,78719,Other,525
2013,78719,Theft,108
2013,78721,Aggravated Assault,363
2013,78721,Arson,3
2013,78721,Burglary,322
2013,78721,Motor Vehicle Theft,31
2013,78721,Murder,1
2013,78721,Other,1754
2013,78721,Robbery,17
2013,78721,Sexual Assault,24
2013,78721,Theft,302
2013,78722,Aggravated Assault,95
2013,78722,Arson,1
2013,78722,Burglary,182
2013,78722,Motor Vehicle Theft,13
2013,78722,Other,613
2013,78722,Robbery,2
2013,78722,Sexual Assault,6
2013,78722,Theft,155
2013,78723,Aggravated Assault,900
2013,78723,Arson,6
2013,78723,Burglary,982
2013,78723,Manslaughter,1
2013,78723,Motor Vehicle Theft,100
2013,78723,Murder,1
2013,78723,Other,4138
2013,78723,Robbery,61
2013,78723,Sexual Assault,82
2013,78723,Theft,946
2013,78724,Aggravated Assault,306
2013,78724,Arson,5
2013,78724,Burglary,244
2013,78724,Motor Vehicle Theft,35
2013,78724,Other,1391
2013,78724,Robbery,24
2013,78724,Sexual Assault,31
2013,78724,Theft,207
2013,78725,Aggravated Assault,22
2013,78725,Burglary,17
2013,78725,Motor Vehicle Theft,3
2013,78725,Other,141
2013,78725,Sexual Assault,4
2013,78725,Theft,26
2013,78726,Aggravated Assault,63
2013,78726,Burglary,80
2013,78726,Motor Vehicle Theft,8
2013,78726,Other,378
2013,78726,Robbery,2
2013,78726,Sexual Assault,7
2013,78726,Theft,122
2013,78727,Aggravated Assault,158
2013,78727,Burglary,308
2013,78727,Motor Vehicle Theft,21
2013,78727,Other,1090
2013,78727,Robbery,9
2013,78727,Sexual Assault,12
2013,78727,Theft,312
2013,78728,Aggravated Assault,10
2013,78728,Burglary,2
2013,78728,Other,31
2013,78728,Sexual Assault,3
2013,78728,Theft,15
2013,78729,Aggravated Assault,159
2013,78729,Burglary,232
2013,78729,Motor Vehicle Theft,26
2013,78729,Other,919
2013,78729,Robbery,5
2013,78729,Sexual Assault,11
2013,78729,Theft,295
2013,78730,Aggravated Assault,14
2013,78730,Burglary,53
2013,78730,Motor Vehicle Theft,4
2013,78730,Other,88
2013,78730,Theft,26
2013,78731,Aggravated Assault,99
2013,78731,Burglary,442
2013,78731,Motor Vehicle Theft,17
2013,78731,Murder,2
2013,78731,Other,758
2013,78731,Robbery,3
2013,78731,Sexual Assault,10
2013,78731,Theft,218
2013,78732,Aggravated Assault,1
2013,78732,Burglary,1
2013,78732,Other,11
2013,78732,Theft,2
2013,78733,Other,17
2013,78734,Other,4
2013,78734,Theft,1
2013,78735,Aggravated Assault,49
2013,78735,Arson,1
2013,78735,Burglary,161
2013,78735,Motor Vehicle Theft,8
2013,78735,Other,454
2013,78735,Robbery,4
2013,78735,Sexual Assault,4
2013,78735,Theft,139
2013,78736,Aggravated Assault,14
2013,78736,Arson,1
2013,78736,Burglary,50
2013,78736,Motor Vehicle Theft,3
2013,78736,Other,115
2013,78736,Sexual Assault,4
2013,78736,Theft,32
2013,78737,Aggravated Assault,1
2013,78737,Burglary,1
2013,78737,Other,5
2013,78737,Theft,5
2013,78738,Other,2
2013,78739,Aggravated Assault,25
2013,78739,Burglary,73
2013,78739,Motor Vehicle Theft,4
2013,78739,Other,217
2013,78739,Sexual Assault,1
2013,78739,Theft,50
2013,78741,Aggravated Assault,1453
2013,78741,Arson,5
2013,78741,Burglary,1507
2013,78741,Motor Vehicle Theft,253
2013,78741,Murder,5
2013,78741,Other,6450
2013,78741,Robbery,98
2013,78741,Sexual Assault,97
2013,78741,Theft,1713
2013,78742,Aggravated Assault,15
2013,78742,Burglary,17
2013,78742,Motor Vehicle Theft,4
2013,78742,Other,85
2013,78742,Robbery,2
2013,78742,Sexual Assault,3
2013,78742,Theft,21
2013,78744,Aggravated Assault,799
2013,78744,Arson,7
2013,78744,Burglary,942
2013,78744,Manslaughter,1
2013,78744,Motor Vehicle Theft,141
2013,78744,Murder,2
2013,78744,Other,4304
2013,78744,Robbery,41
2013,78744,Sexual Assault,64
2013,78744,Theft,897
2013,78745,Aggravated Assault,802
2013,78745,Arson,6
2013,78745,Burglary,1233
2013,78745,Manslaughter,1
2013,78745,Motor Vehicle Theft,149
2013,78745,Murder,1
2013,78745,Other,4682
2013,78745,Robbery,36
2013,78745,Sexual Assault,47
2013,78745,Theft,1232
2013,78746,Aggravated Assault,44
2013,78746,Arson,1
2013,78746,Burglary,388
2013,78746,Motor Vehicle Theft,23
2013,78746,Other,689
2013,78746,Robbery,5
2013,78746,Sexual Assault,8
2013,78746,Theft,611
2013,78747,Aggravated Assault,81
2013,78747,Burglary,176
2013,78747,Motor Vehicle Theft,22
2013,78747,Other,492
2013,78747,Robbery,4
2013,78747,Sexual Assault,12
2013,78747,Theft,69
2013,78748,Aggravated Assault,352
2013,78748,Arson,1
2013,78748,Burglary,612
2013,78748,Motor Vehicle Theft,77
2013,78748,Murder,1
2013,78748,Other,2108
2013,78748,Robbery,15
2013,78748,Sexual Assault,28
2013,78748,Theft,806
2013,78749,Aggravated Assault,139
2013,78749,Arson,3
2013,78749,Burglary,472
2013,78749,Motor Vehicle Theft,28
2013,78749,Other,1014
2013,78749,Robbery,5
2013,78749,Sexual Assault,23
2013,78749,Theft,420
2013,78750,Aggravated Assault,106
2013,78750,Burglary,297
2013,78750,Motor Vehicle Theft,14
2013,78750,Other,841
2013,78750,Robbery,11
2013,78750,Sexual Assault,11
2013,78750,Theft,222
2013,78751,Aggravated Assault,1278
2013,78751,Burglary,414
2013,78751,Motor Vehicle Theft,45
2013,78751,Other,1625
2013,78751,Robbery,12
2013,78751,Sexual Assault,26
2013,78751,Theft,714
2013,78752,Aggravated Assault,518
2013,78752,Arson,3
2013,78752,Burglary,711
2013,78752,Motor Vehicle Theft,106
2013,78752,Murder,3
2013,78752,Other,2647
2013,78752,Robbery,26
2013,78752,Sexual Assault,37
2013,78752,Theft,580
2013,78753,Aggravated Assault,1051
2013,78753,Arson,7
2013,78753,Burglary,1386
2013,78753,Motor Vehicle Theft,189
2013,78753,Murder,2
2013,78753,Other,5279
2013,78753,Robbery,86
2013,78753,Sexual Assault,114
2013,78753,Theft,2334
2013,78754,Aggravated Assault,140
2013,78754,Burglary,251
2013,78754,Motor Vehicle Theft,19
2013,78754,Other,753
2013,78754,Robbery,4
2013,78754,Sexual Assault,12
2013,78754,Theft,173
2013,78756,Aggravated Assault,64
2013,78756,Burglary,145
2013,78756,Motor Vehicle Theft,10
2013,78756,Other,426
2013,78756,Robbery,2
2013,78756,Sexual Assault,4
2013,78756,Theft,172
2013,78757,Aggravated Assault,265
2013,78757,Arson,1
2013,78757,Burglary,605
2013,78757,Motor Vehicle Theft,50
2013,78757,Other,1662
2013,78757,Robbery,12
2013,78757,Sexual Assault,18
2013,78757,Theft,513
2013,78758,Aggravated Assault,986
2013,78758,Arson,7
2013,78758,Burglary,1299
2013,78758,Motor Vehicle Theft,223
2013,78758,Murder,2
2013,78758,Other,4609
2013,78758,Robbery,76
2013,78758,Sexual Assault,89
2013,78758,Theft,1401
2013,78759,Aggravated Assault,224
2013,78759,Arson,1
2013,78759,Burglary,1142
2013,78759,Motor Vehicle Theft,53
2013,78759,Murder,1
2013,78759,Other,1683
2013,78759,Robbery,11
2013,78759,Sexual Assault,29
2013,78759,Theft,658
2014,78610,Other,4
2014,78610,Theft,2
2014,78613,Aggravated Assault,20
2014,78613,Burglary,62
2014,78613,Motor Vehicle Theft,4
2014,78613,Other,111
2014,78613,Robbery,2
2014,78613,Sexual Assault,1
2014,78613,Theft,337
2014,78617,Aggravated Assault,128
2014,78617,Burglary,132
2014,78617,Motor Vehicle Theft,11
2014,78617,Other,612
2014,78617,Robbery,12
2014,78617,Sexual Assault,17
2014,78617,Theft,100
2014,78652,Aggravated Assault,5
2014,78652,Burglary,1
2014,78652,Other,44
2014,78652,Theft,1
2014,78653,Aggravated Assault,12
2014,78653,Burglary,9
2014,78653,Motor Vehicle Theft,3
2014,78653,Other,60
2014,78653,Sexual Assault,1
2014,78653,Theft,7
2014,78660,Aggravated Assault,41
2014,78660,Arson,1
2014,78660,Burglary,74
2014,78660,Manslaughter,1
2014,78660,Motor Vehicle Theft,6
2014,78660,Other,189
2014,78660,Robbery,3
2014,78660,Sexual Assault,2
2014,78660,Theft,72
2014,78664,Aggravated Assault,2
2014,78664,Other,3
2014,78681,Other,6
2014,78701,Aggravated Assault,878
2014,78701,Arson,1
2014,78701,Burglary,382
2014,78701,Motor Vehicle Theft,61
2014,78701,Other,5831
2014,78701,Robbery,56
2014,78701,Sexual Assault,77
2014,78701,Theft,1516
2014,78702,Aggravated Assault,605
2014,78702,Arson,3
2014,78702,Burglary,1082
2014,78702,Motor Vehicle Theft,81
2014,78702,Murder,2
2014,78702,Other,4075
2014,78702,Robbery,73
2014,78702,Sexual Assault,54
2014,78702,Theft,853
2014,78703,Aggravated Assault,60
2014,78703,Arson,1
2014,78703,Burglary,281
2014,78703,Motor Vehicle Theft,32
2014,78703,Other,1269
2014,78703,Robbery,7
2014,78703,Sexual Assault,7
2014,78703,Theft,322
2014,78704,Aggravated Assault,539
2014,78704,Arson,4
2014,78704,Burglary,965
2014,78704,Motor Vehicle Theft,154
2014,78704,Murder,2
2014,78704,Other,4357
2014,78704,Robbery,34
2014,78704,Sexual Assault,45
2014,78704,Theft,1535
2014,78705,Aggravated Assault,214
2014,78705,Arson,2
2014,78705,Burglary,373
2014,78705,Motor Vehicle Theft,51
2014,78705,Other,1390
2014,78705,Robbery,17
2014,78705,Sexual Assault,68
2014,78705,Theft,641
2014,78712,Burglary,3
2014,78712,Motor Vehicle Theft,1
2014,78712,Other,10
2014,78712,Sexual Assault,1
2014,78712,Theft,7
2014,78717,Aggravated Assault,67
2014,78717,Burglary,122
2014,78717,Motor Vehicle Theft,4
2014,78717,Other,355
2014,78717,Sexual Assault,7
2014,78717,Theft,127
2014,78719,Aggravated Assault,25
2014,78719,Burglary,5
2014,78719,Motor Vehicle Theft,21
2014,78719,Other,571
2014,78719,Theft,109
2014,78721,Aggravated Assault,335
2014,78721,Arson,2
2014,78721,Burglary,280
2014,78721,Motor Vehicle Theft,19
2014,78721,Other,1551
2014,78721,Robbery,22
2014,78721,Sexual Assault,20
2014,78721,Theft,255
2014,78722,Aggravated Assault,92
2014,78722,Burglary,151
2014,78722,Motor Vehicle Theft,14
2014,78722,Other,538
2014,78722,Robbery,10
2014,78722,Sexual Assault,8
2014,78722,Theft,163
2014,78723,Aggravated Assault,831
2014,78723,Arson,11
2014,78723,Burglary,726
2014,78723,Manslaughter,1
2014,78723,Motor Vehicle Theft,108
2014,78723,Murder,3
2014,78723,Other,3735
2014,78723,Robbery,50
2014,78723,Sexual Assault,76
2014,78723,Theft,1022
2014,78724,Aggravated Assault,282
2014,78724,Arson,1
2014,78724,Burglary,228
2014,78724,Motor Vehicle Theft,39
2014,78724,Other,1440
2014,78724,Robbery,15
2014,78724,Sexual Assault,26
2014,78724,Theft,202
2014,78725,Aggravated Assault,32
2014,78725,Burglary,29
2014,78725,Motor Vehicle Theft,6
2014,78725,Other,117
2014,78725,Sexual Assault,2
2014,78725,Theft,38
2014,78726,Aggravated Assault,56
2014,78726,Burglary,57
2014,78726,Motor Vehicle Theft,11
2014,78726,Other,376
2014,78726,Robbery,2
2014,78726,Sexual Assault,9
2014,78726,Theft,131
2014,78727,Aggravated Assault,137
2014,78727,Burglary,209
2014,78727,Motor Vehicle Theft,31
2014,78727,Murder,3
2014,78727,Other,929
2014,78727,Robbery,5
2014,78727,Sexual Assault,14
2014,78727,Theft,240
2014,78728,Aggravated Assault,4
2014,78728,Burglary,3
2014,78728,Motor Vehicle Theft,1
2014,78728,Other,23
2014,78728,Theft,6
2014,78729,Aggravated Assault,152
2014,78729,Arson,1
2014,78729,Burglary,217
2014,78729,Motor Vehicle Theft,24
2014,78729,Other,841
2014,78729,Robbery,8
2014,78729,Sexual Assault,11
2014,78729,Theft,204
2014,78730,Aggravated Assault,16
2014,78730,Arson,1
2014,78730,Burglary,27
2014,78730,Motor Vehicle Theft,1
2014,78730,Other,81
2014,78730,Sexual Assault,3
2014,78730,Theft,19
2014,78731,Aggravated Assault,83
2014,78731,Arson,1
2014,78731,Burglary,270
2014,78731,Motor Vehicle Theft,15
2014,78731,Other,759
2014,78731,Robbery,4
2014,78731,Sexual Assault,14
2014,78731,Theft,217
2014,78732,Aggravated Assault,1
2014,78732,Burglary,1
2014,78732,Motor Vehicle Theft,1
2014,78732,Other,8
2014,78732,Theft,3
2014,78733,Other,22
2014,78733,Theft,2
2014,78734,Other,7
2014,78735,Aggravated Assault,60
2014,78735,Arson,1
2014,78735,Burglary,127
2014,78735,Motor Vehicle Theft,8
2014,78735,Other,416
2014,78735,Robbery,3
2014,78735,Sexual Assault,8
2014,78735,Theft,140
2014,78736,Aggravated Assault,16
2014,78736,Burglary,32
2014,78736,Other,131
2014,78736,Robbery,1
2014,78736,Theft,24
2014,78737,Burglary,2
2014,78737,Other,5
2014,78737,Theft,1
2014,78738,Other,1
2014,78739,Aggravated Assault,22
2014,78739,Burglary,83
2014,78739,Motor Vehicle Theft,6
2014,78739,Other,193
2014,78739,Sexual Assault,2
2014,78739,Theft,40
2014,78741,Aggravated Assault,1298
2014,78741,Arson,6
2014,78741,Burglary,1397
2014,78741,Motor Vehicle Theft,211
2014,78741,Murder,1
2014,78741,Other,6071
2014,78741,Robbery,124
2014,78741,Sexual Assault,108
2014,78741,Theft,1485
2014,78742,Aggravated Assault,22
2014,78742,Burglary,23
2014,78742,Motor Vehicle Theft,2
2014,78742,Other,97
2014,78742,Sexual Assault,3
2014,78742,Theft,17
2014,78744,Aggravated Assault,809
2014,78744,Arson,4
2014,78744,Burglary,946
2014,78744,Manslaughter,2
2014,78744,Motor Vehicle Theft,153
2014,78744,Murder,2
2014,78744,Other,4003
2014,78744,Robbery,49
2014,78744,Sexual Assault,80
2014,78744,Theft,862
2014,78745,Aggravated Assault,743
2014,78745,Arson,8
2014,78745,Burglary,1058
2014,78745,Manslaughter,1
2014,78745,Motor Vehicle Theft,170
2014,78745,Other,4261
2014,78745,Robbery,37
2014,78745,Sexual Assault,65
2014,78745,Theft,1160
2014,78746,Aggravated Assault,43
2014,78746,Arson,2
2014,78746,Burglary,186
2014,78746,Motor Vehicle Theft,20
2014,78746,Other,562
2014,78746,Robbery,5
2014,78746,Sexual Assault,8
2014,78746,Theft,525
2014,78747,Aggravated Assault,105
2014,78747,Arson,1
2014,78747,Burglary,140
2014,78747,Motor Vehicle Theft,17
2014,78747,Other,513
2014,78747,Robbery,2
2014,78747,Sexual Assault,15
2014,78747,Theft,69
2014,78748,Aggravated Assault,324
2014,78748,Arson,2
2014,78748,Burglary,577
2014,78748,Manslaughter,1
2014,78748,Motor Vehicle Theft,73
2014,78748,Murder,1
2014,78748,Other,2206
2014,78748,Robbery,13
2014,78748,Sexual Assault,24
2014,78748,Theft,918
2014,78749,Aggravated Assault,137
2014,78749,Arson,1
2014,78749,Burglary,319
2014,78749,Motor Vehicle Theft,37
2014,78749,Murder,2
2014,78749,Other,998
2014,78749,Robbery,9
2014,78749,Sexual Assault,15
2014,78749,Theft,428
2014,78750,Aggravated Assault,92
2014,78750,Arson,1
2014,78750,Burglary,207
2014,78750,Motor Vehicle Theft,14
2014,78750,Murder,2
2014,78750,Other,797
2014,78750,Robbery,7
2014,78750,Sexual Assault,15
2014,78750,Theft,168
2014,78751,Aggravated Assault,1098
2014,78751,Arson,2
2014,78751,Burglary,287
2014,78751,Motor Vehicle Theft,55
2014,78751,Other,1324
2014,78751,Robbery,11
2014,78751,Sexual Assault,32
2014,78751,Theft,556
2014,78752,Aggravated Assault,503
2014,78752,Arson,1
2014,78752,Burglary,530
2014,78752,Motor Vehicle Theft,81
2014,78752,Other,2287
2014,78752,Robbery,48
2014,78752,Sexual Assault,37
2014,78752,Theft,606
2014,78753,Aggravated Assault,932
2014,78753,Arson,12
2014,78753,Burglary,1185
2014,78753,Manslaughter,1
2014,78753,Motor Vehicle Theft,220
2014,78753,Murder,4
2014,78753,Other,5200
2014,78753,Robbery,107
2014,78753,Sexual Assault,97
2014,78753,Theft,2249
2014,78754,Aggravated Assault,131
2014,78754,Arson,1
2014,78754,Burglary,248
2014,78754,Motor Vehicle Theft,27
2014,78754,Other,790
2014,78754,Robbery,2
2014,78754,Sexual Assault,6
2014,78754,Theft,160
2014,78756,Aggravated Assault,73
2014,78756,Burglary,150
2014,78756,Motor Vehicle Theft,16
2014,78756,Other,418
2014,78756,Robbery,3
2014,78756,Sexual Assault,11
2014,78756,Theft,187
2014,78757,Aggravated Assault,225
2014,78757,Burglary,502
2014,78757,Motor Vehicle Theft,45
2014,78757,Murder,2
2014,78757,Other,1476
2014,78757,Robbery,14
2014,78757,Sexual Assault,26
2014,78757,Theft,541
2014,78758,Aggravated Assault,869
2014,78758,Arson,9
2014,78758,Burglary,1145
2014,78758,Motor Vehicle Theft,228
2014,78758,Other,4466
2014,78758,Robbery,77
2014,78758,Sexual Assault,88
2014,78758,Theft,1223
2014,78759,Aggravated Assault,224
2014,78759,Burglary,901
2014,78759,Motor Vehicle Theft,63
2014,78759,Murder,1
2014,78759,Other,1533
2014,78759,Robbery,15
2014,78759,Sexual Assault,26
2014,78759,Theft,551
2015,78610,Other,5
2015,78610,Theft,1
2015,78613,Aggravated Assault,20
2015,78613,Burglary,43
2015,78613,Motor Vehicle Theft,6
2015,78613,Other,150
2015,78613,Robbery,7
2015,78613,Sexual Assault,6
2015,78613,Theft,336
2015,78617,Aggravated Assault,183
2015,78617,Burglary,121
2015,78617,Motor Vehicle Theft,24
2015,78617,Other,690
2015,78617,Robbery,7
2015,78617,Sexual Assault,11
2015,78617,Theft,103
2015,78641,Other,1
2015,78652,Aggravated Assault,2
2015,78652,Burglary,7
2015,78652,Other,30
2015,78652,Theft,7
2015,78653,Aggravated Assault,12
2015,78653,Burglary,10
2015,78653,Motor Vehicle Theft,1
2015,78653,Other,62
2015,78653,Sexual Assault,1
2015,78653,Theft,17
2015,78660,Aggravated Assault,33
2015,78660,Arson,2
2015,78660,Burglary,55
2015,78660,Motor Vehicle Theft,7
2015,78660,Other,191
2015,78660,Robbery,3
2015,78660,Sexual Assault,1
2015,78660,Theft,61
2015,78664,Other,6
2015,78664,Theft,1
2015,78681,Aggravated Assault,1
2015,78681,Other,1
2015,78701,Aggravated Assault,1003
2015,78701,Arson,7
2015,78701,Burglary,409
2015,78701,Motor Vehicle Theft,69
2015,78701,Murder,1
2015,78701,Other,5402
2015,78701,Robbery,86
2015,78701,Sexual Assault,96
2015,78701,Theft,1485
2015,78702,Aggravated Assault,617
2015,78702,Arson,3
2015,78702,Burglary,682
2015,78702,Manslaughter,1
2015,78702,Motor Vehicle Theft,78
2015,78702,Murder,3
2015,78702,Other,3296
2015,78702,Robbery,52
2015,78702,Sexual Assault,49
2015,78702,Theft,784
2015,78703,Aggravated Assault,72
2015,78703,Arson,1
2015,78703,Burglary,292
2015,78703,Motor Vehicle Theft,23
2015,78703,Murder,1
2015,78703,Other,1127
2015,78703,Robbery,8
2015,78703,Sexual Assault,15
2015,78703,Theft,394
2015,78704,Aggravated Assault,575
2015,78704,Arson,4
2015,78704,Burglary,916
2015,78704,Manslaughter,1
2015,78704,Motor Vehicle Theft,154
2015,78704,Other,4517
2015,78704,Robbery,41
2015,78704,Sexual Assault,68
2015,78704,Theft,1434
2015,78705,Aggravated Assault,254
2015,78705,Arson,2
2015,78705,Burglary,532
2015,78705,Motor Vehicle Theft,77
2015,78705,Murder,1
2015,78705,Other,1378
2015,78705,Robbery,14
2015,78705,Sexual Assault,40
2015,78705,Theft,677
2015,78712,Aggravated Assault,2
2015,78712,Other,13
2015,78712,Theft,3
2015,78717,Aggravated Assault,66
2015,78717,Arson,1
2015,78717,Burglary,92
2015,78717,Motor Vehicle Theft,8
2015,78717,Other,415
2015,78717,Robbery,1
2015,78717,Sexual Assault,6
2015,78717,Theft,125
2015,78719,Aggravated Assault,29
2015,78719,Burglary,14
2015,78719,Motor Vehicle Theft,36
2015,78719,Other,712
2015,78719,Theft,145
2015,78721,Aggravated Assault,291
2015,78721,Burglary,175
2015,78721,Motor Vehicle Theft,23
2015,78721,Murder,1
2015,78721,Other,1373
2015,78721,Robbery,13
2015,78721,Sexual Assault,15
2015,78721,Theft,220
2015,78722,Aggravated Assault,92
2015,78722,Arson,2
2015,78722,Burglary,123
2015,78722,Motor Vehicle Theft,23
2015,78722,Other,491
2015,78722,Robbery,10
2015,78722,Sexual Assault,8
2015,78722,Theft,170
2015,78723,Aggravated Assault,802
2015,78723,Arson,5
2015,78723,Burglary,710
2015,78723,Motor Vehicle Theft,94
2015,78723,Murder,1
2015,78723,Other,3367
2015,78723,Robbery,72
2015,78723,Sexual Assault,66
2015,78723,Theft,1148
2015,78724,Aggravated Assault,324
2015,78724,Arson,2
2015,78724,Burglary,245
2015,78724,Motor Vehicle Theft,36
2015,78724,Other,1322
2015,78724,Robbery,23
2015,78724,Sexual Assault,35
2015,78724,Theft,195
2015,78725,Aggravated Assault,22
2015,78725,Burglary,13
2015,78725,Other,122
2015,78725,Sexual Assault,3
2015,78725,Theft,30
2015,78726,Aggravated Assault,72
2015,78726,Arson,1
2015,78726,Burglary,76
2015,78726,Motor Vehicle Theft,9
2015,78726,Other,413
2015,78726,Robbery,5
2015,78726,Sexual Assault,10
2015,78726,Theft,120
2015,78727,Aggravated Assault,149
2015,78727,Arson,1
2015,78727,Burglary,273
2015,78727,Motor Vehicle Theft,25
2015,78727,Other,1032
2015,78727,Robbery,4
2015,78727,Sexual Assault,18
2015,78727,Theft,213
2015,78728,Aggravated Assault,5
2015,78728,Burglary,5
2015,78728,Other,38
2015,78728,Sexual Assault,1
2015,78728,Theft,8
2015,78729,Aggravated Assault,131
2015,78729,Burglary,194
2015,78729,Motor Vehicle Theft,27
2015,78729,Other,981
2015,78729,Robbery,7
2015,78729,Sexual Assault,18
2015,78729,Theft,263
2015,78730,Aggravated Assault,20
2015,78730,Burglary,21
2015,78730,Manslaughter,1
2015,78730,Motor Vehicle Theft,2
2015,78730,Other,101
2015,78730,Sexual Assault,2
2015,78730,Theft,26
2015,78731,Aggravated Assault,74
2015,78731,Burglary,333
2015,78731,Motor Vehicle Theft,17
2015,78731,Murder,1
2015,78731,Other,690
2015,78731,Robbery,3
2015,78731,Sexual Assault,9
2015,78731,Theft,206
2015,78732,Other,14
2015,78732,Theft,1
2015,78733,Other,57
2015,78733,Theft,1
2015,78734,Other,4
2015,78735,Aggravated Assault,72
2015,78735,Burglary,139
2015,78735,Motor Vehicle Theft,13
2015,78735,Other,453
2015,78735,Robbery,2
2015,78735,Sexual Assault,6
2015,78735,Theft,126
2015,78736,Aggravated Assault,22
2015,78736,Burglary,38
2015,78736,Motor Vehicle Theft,1
2015,78736,Other,133
2015,78736,Theft,31
2015,78737,Aggravated Assault,4
2015,78737,Burglary,1
2015,78737,Other,8
2015,78737,Theft,3
2015,78738,Other,1
2015,78739,Aggravated Assault,19
2015,78739,Arson,1
2015,78739,Burglary,123
2015,78739,Motor Vehicle Theft,7
2015,78739,Other,201
2015,78739,Sexual Assault,5
2015,78739,Theft,51
2015,78741,Aggravated Assault,1238
2015,78741,Arson,6
2015,78741,Burglary,1062
2015,78741,Motor Vehicle Theft,165
2015,78741,Murder,1
2015,78741,Other,5459
2015,78741,Robbery,119
2015,78741,Sexual Assault,109
2015,78741,Theft,1430
2015,78742,Aggravated Assault,22
2015,78742,Burglary,10
2015,78742,Motor Vehicle Theft,2
2015,78742,Other,107
2015,78742,Robbery,2
2015,78742,Theft,13
2015,78744,Aggravated Assault,830
2015,78744,Arson,8
2015,78744,Burglary,780
2015,78744,Motor Vehicle Theft,131
2015,78744,Murder,2
2015,78744,Other,3977
2015,78744,Robbery,50
2015,78744,Sexual Assault,78
2015,78744,Theft,779
2015,78745,Aggravated Assault,776
2015,78745,Arson,9
2015,78745,Burglary,975
2015,78745,Motor Vehicle Theft,144
2015,78745,Murder,4
2015,78745,Other,4173
2015,78745,Robbery,33
2015,78745,Sexual Assault,57
2015,78745,Theft,1122
2015,78746,Aggravated Assault,58
2015,78746,Arson,1
2015,78746,Burglary,244
2015,78746,Motor Vehicle Theft,32
2015,78746,Other,682
2015,78746,Robbery,10
2015,78746,Sexual Assault,6
2015,78746,Theft,525
2015,78747,Aggravated Assault,82
2015,78747,Burglary,158
2015,78747,Manslaughter,1
2015,78747,Motor Vehicle Theft,18
2015,78747,Other,548
2015,78747,Robbery,1
2015,78747,Sexual Assault,10
2015,78747,Theft,77
2015,78748,Aggravated Assault,406
2015,78748,Arson,2
2015,78748,Burglary,451
2015,78748,Motor Vehicle Theft,57
2015,78748,Other,2155
2015,78748,Robbery,20
2015,78748,Sexual Assault,39
2015,78748,Theft,1018
2015,78749,Aggravated Assault,165
2015,78749,Burglary,315
2015,78749,Manslaughter,1
2015,78749,Motor Vehicle Theft,38
2015,78749,Other,1091
2015,78749,Robbery,10
2015,78749,Sexual Assault,16
2015,78749,Theft,456
2015,78750,Aggravated Assault,112
2015,78750,Arson,2
2015,78750,Burglary,221
2015,78750,Motor Vehicle Theft,10
2015,78750,Other,810
2015,78750,Robbery,3
2015,78750,Sexual Assault,17
2015,78750,Theft,160
2015,78751,Aggravated Assault,1031
2015,78751,Arson,4
2015,78751,Burglary,290
2015,78751,Motor Vehicle Theft,54
2015,78751,Other,1132
2015,78751,Robbery,13
2015,78751,Sexual Assault,35
2015,78751,Theft,566
2015,78752,Aggravated Assault,465
2015,78752,Burglary,463
2015,78752,Manslaughter,1
2015,78752,Motor Vehicle Theft,89
2015,78752,Murder,2
2015,78752,Other,1990
2015,78752,Robbery,42
2015,78752,Sexual Assault,52
2015,78752,Theft,516
2015,78753,Aggravated Assault,973
2015,78753,Arson,6
2015,78753,Burglary,1181
2015,78753,Motor Vehicle Theft,167
2015,78753,Murder,3
2015,78753,Other,5071
2015,78753,Robbery,99
2015,78753,Sexual Assault,104
2015,78753,Theft,1879
2015,78754,Aggravated Assault,120
2015,78754,Arson,1
2015,78754,Burglary,209
2015,78754,Motor Vehicle Theft,24
2015,78754,Murder,1
2015,78754,Other,700
2015,78754,Robbery,4
2015,78754,Sexual Assault,14
2015,78754,Theft,158
2015,78756,Aggravated Assault,79
2015,78756,Arson,2
2015,78756,Burglary,137
2015,78756,Motor Vehicle Theft,16
2015,78756,Other,397
2015,78756,Robbery,5
2015,78756,Sexual Assault,4
2015,78756,Theft,192
2015,78757,Aggravated Assault,220
2015,78757,Burglary,517
2015,78757,Motor Vehicle Theft,62
2015,78757,Other,1377
2015,78757,Robbery,19
2015,78757,Sexual Assault,12
2015,78757,Theft,584
2015,78758,Aggravated Assault,917
2015,78758,Arson,6
2015,78758,Burglary,1023
2015,78758,Motor Vehicle Theft,176
2015,78758,Murder,1
2015,78758,Other,4640
2015,78758,Robbery,83
2015,78758,Sexual Assault,101
2015,78758,Theft,1111
2015,78759,Aggravated Assault,200
2015,78759,Arson,4
2015,78759,Burglary,752
2015,78759,Motor Vehicle Theft,56
2015,78759,Other,1613
2015,78759,Robbery,15
2015,78759,Sexual Assault,28
2015,78759,Theft,573
2016,78610,Other,4
2016,78613,Aggravated Assault,23
2016,78613,Burglary,44
2016,78613,Motor Vehicle Theft,12
2016,78613,Murder,1
2016,78613,Other,140
2016,78613,Robbery,2
2016,78613,Sexual Assault,6
2016,78613,Theft,278
2016,78617,Aggravated Assault,130
2016,78617,Burglary,129
2016,78617,Motor Vehicle Theft,23
2016,78617,Murder,1
2016,78617,Other,532
2016,78617,Robbery,6
2016,78617,Sexual Assault,16
2016,78617,Theft,104
2016,78652,Aggravated Assault,1
2016,78652,Burglary,13
2016,78652,Other,27
2016,78652,Theft,3
2016,78653,Aggravated Assault,10
2016,78653,Arson,2
2016,78653,Burglary,19
2016,78653,Motor Vehicle Theft,4
2016,78653,Other,78
2016,78653,Robbery,1
2016,78653,Sexual Assault,1
2016,78653,Theft,24
2016,78660,Aggravated Assault,33
2016,78660,Burglary,59
2016,78660,Motor Vehicle Theft,12
2016,78660,Murder,1
2016,78660,Other,169
2016,78660,Robbery,4
2016,78660,Sexual Assault,5
2016,78660,Theft,110
2016,78664,Aggravated Assault,2
2016,78664,Other,2
2016,78664,Sexual Assault,1
2016,78664,Theft,1
2016,78681,Other,4
2016,78701,Aggravated Assault,970
2016,78701,Arson,3
2016,78701,Burglary,352
2016,78701,Manslaughter,1
2016,78701,Motor Vehicle Theft,51
2016,78701,Murder,1
2016,78701,Other,5058
2016,78701,Robbery,70
2016,78701,Sexual Assault,102
2016,78701,Theft,1467
2016,78702,Aggravated Assault,588
2016,78702,Arson,10
2016,78702,Burglary,592
2016,78702,Motor Vehicle Theft,86
2016,78702,Other,3325
2016,78702,Robbery,80
2016,78702,Sexual Assault,49
2016,78702,Theft,705
2016,78703,Aggravated Assault,76
2016,78703,Arson,2
2016,78703,Burglary,233
2016,78703,Motor Vehicle Theft,33
2016,78703,Negligent Homicide,1
2016,78703,Other,1010
2016,78703,Robbery,9
2016,78703,Sexual Assault,12
2016,78703,Theft,364
2016,78704,Aggravated Assault,550
2016,78704,Arson,2
2016,78704,Burglary,962
2016,78704,Motor Vehicle Theft,163
2016,78704,Murder,1
2016,78704,Other,4285
2016,78704,Robbery,33
2016,78704,Sexual Assault,69
2016,78704,Theft,1327
2016,78705,Aggravated Assault,186
2016,78705,Arson,2
2016,78705,Burglary,416
2016,78705,Motor Vehicle Theft,74
2016,78705,Other,1240
2016,78705,Robbery,11
2016,78705,Sexual Assault,49
2016,78705,Theft,593
2016,78712,Aggravated Assault,1
2016,78712,Burglary,1
2016,78712,Motor Vehicle Theft,1
2016,78712,Murder,1
2016,78712,Other,12
2016,78712,Sexual Assault,3
2016,78712,Theft,2
2016,78717,Aggravated Assault,63
2016,78717,Arson,1
2016,78717,Burglary,101
2016,78717,Motor Vehicle Theft,4
2016,78717,Other,485
2016,78717,Robbery,3
2016,78717,Sexual Assault,5
2016,78717,Theft,190
2016,78719,Aggravated Assault,25
2016,78719,Burglary,18
2016,78719,Motor Vehicle Theft,15
2016,78719,Other,796
2016,78719,Robbery,1
2016,78719,Sexual Assault,1
2016,78719,Theft,130
2016,78721,Aggravated Assault,326
2016,78721,Arson,5
2016,78721,Burglary,173
2016,78721,Motor Vehicle Theft,29
2016,78721,Murder,2
2016,78721,Other,1375
2016,78721,Robbery,19
2016,78721,Sexual Assault,19
2016,78721,Theft,215
2016,78722,Aggravated Assault,91
2016,78722,Arson,1
2016,78722,Burglary,103
2016,78722,Motor Vehicle Theft,10
2016,78722,Other,456
2016,78722,Robbery,5
2016,78722,Sexual Assault,9
2016,78722,Theft,135
2016,78723,Aggravated Assault,777
2016,78723,Arson,4
2016,78723,Burglary,677
2016,78723,Manslaughter,1
2016,78723,Motor Vehicle Theft,87
2016,78723,Murder,6
2016,78723,Other,3375
2016,78723,Robbery,77
2016,78723,Sexual Assault,78
2016,78723,Theft,1035
2016,78724,Aggravated Assault,329
2016,78724,Arson,2
2016,78724,Burglary,236
2016,78724,Manslaughter,1
2016,78724,Motor Vehicle Theft,34
2016,78724,Murder,2
2016,78724,Other,1269
2016,78724,Robbery,13
2016,78724,Sexual Assault,21
2016,78724,Theft,167
2016,78725,Aggravated Assault,20
2016,78725,Burglary,36
2016,78725,Motor Vehicle Theft,10
2016,78725,Other,128
2016,78725,Robbery,2
2016,78725,Sexual Assault,4
2016,78725,Theft,24
2016,78726,Aggravated Assault,58
2016,78726,Burglary,104
2016,78726,Motor Vehicle Theft,17
2016,78726,Other,404
2016,78726,Robbery,2
2016,78726,Sexual Assault,8
2016,78726,Theft,88
2016,78727,Aggravated Assault,134
2016,78727,Burglary,212
2016,78727,Motor Vehicle Theft,29
2016,78727,Murder,2
2016,78727,Other,955
2016,78727,Robbery,6
2016,78727,Sexual Assault,18
2016,78727,Theft,268
2016,78728,Aggravated Assault,9
2016,78728,Burglary,3
2016,78728,Manslaughter,1
2016,78728,Motor Vehicle Theft,1
2016,78728,Other,32
2016,78728,Sexual Assault,3
2016,78728,Theft,2
2016,78729,Aggravated Assault,180
2016,78729,Burglary,226
2016,78729,Motor Vehicle Theft,29
2016,78729,Other,1028
2016,78729,Robbery,13
2016,78729,Sexual Assault,25
2016,78729,Theft,260
2016,78730,Aggravated Assault,14
2016,78730,Burglary,24
2016,78730,Motor Vehicle Theft,2
2016,78730,Other,82
2016,78730,Sexual Assault,1
2016,78730,Theft,23
2016,78731,Aggravated Assault,94
2016,78731,Burglary,270
2016,78731,Motor Vehicle Theft,19
2016,78731,Other,645
2016,78731,Robbery,4
2016,78731,Sexual Assault,9
2016,78731,Theft,194
2016,78732,Other,11
2016,78732,Theft,1
2016,78733,Other,26
2016,78734,Other,3
2016,78735,Aggravated Assault,73
2016,78735,Arson,1
2016,78735,Burglary,135
2016,78735,Motor Vehicle Theft,7
2016,78735,Other,462
2016,78735,Robbery,1
2016,78735,Sexual Assault,12
2016,78735,Theft,147
2016,78736,Aggravated Assault,20
2016,78736,Burglary,70
2016,78736,Motor Vehicle Theft,3
2016,78736,Other,156
2016,78736,Sexual Assault,1
2016,78736,Theft,42
2016,78737,Aggravated Assault,1
2016,78737,Other,7
2016,78737,Theft,1
2016,78738,Aggravated Assault,1
2016,78738,Other,1
2016,78739,Aggravated Assault,19
2016,78739,Burglary,97
2016,78739,Motor Vehicle Theft,6
2016,78739,Other,203
2016,78739,Sexual Assault,4
2016,78739,Theft,40
2016,78741,Aggravated Assault,1184
2016,78741,Arson,4
2016,78741,Burglary,1307
2016,78741,Motor Vehicle Theft,243
2016,78741,Murder,3
2016,78741,Other,5459
2016,78741,Robbery,138
2016,78741,Sexual Assault,119
2016,78741,Theft,1460
2016,78742,Aggravated Assault,26
2016,78742,Burglary,22
2016,78742,Motor Vehicle Theft,3
2016,78742,Other,92
2016,78742,Robbery,1
2016,78742,Sexual Assault,2
2016,78742,Theft,27
2016,78744,Aggravated Assault,773
2016,78744,Arson,7
2016,78744,Burglary,785
2016,78744,Manslaughter,1
2016,78744,Motor Vehicle Theft,124
2016,78744,Other,3945
2016,78744,Robbery,40
2016,78744,Sexual Assault,79
2016,78744,Theft,803
2016,78745,Aggravated Assault,732
2016,78745,Arson,6
2016,78745,Burglary,914
2016,78745,Manslaughter,2
2016,78745,Motor Vehicle Theft,139
2016,78745,Murder,1
2016,78745,Other,4194
2016,78745,Robbery,47
2016,78745,Sexual Assault,65
2016,78745,Theft,1002
2016,78746,Aggravated Assault,61
2016,78746,Burglary,258
2016,78746,Motor Vehicle Theft,37
2016,78746,Other,742
2016,78746,Robbery,6
2016,78746,Sexual Assault,8
2016,78746,Theft,515
2016,78747,Aggravated Assault,87
2016,78747,Burglary,117
2016,78747,Motor Vehicle Theft,22
2016,78747,Murder,1
2016,78747,Other,505
2016,78747,Robbery,1
2016,78747,Sexual Assault,6
2016,78747,Theft,66
2016,78748,Aggravated Assault,318
2016,78748,Arson,1
2016,78748,Burglary,458
2016,78748,Motor Vehicle Theft,75
2016,78748,Other,2093
2016,78748,Robbery,20
2016,78748,Sexual Assault,46
2016,78748,Theft,769
2016,78749,Aggravated Assault,145
2016,78749,Burglary,283
2016,78749,Motor Vehicle Theft,26
2016,78749,Murder,1
2016,78749,Other,1106
2016,78749,Robbery,5
2016,78749,Sexual Assault,13
2016,78749,Theft,441
2016,78750,Aggravated Assault,110
2016,78750,Burglary,166
2016,78750,Motor Vehicle Theft,11
2016,78750,Other,780
2016,78750,Robbery,6
2016,78750,Sexual Assault,20
2016,78750,Theft,139
2016,78751,Aggravated Assault,1036
2016,78751,Burglary,311
2016,78751,Motor Vehicle Theft,42
2016,78751,Other,1045
2016,78751,Robbery,21
2016,78751,Sexual Assault,41
2016,78751,Theft,516
2016,78752,Aggravated Assault,451
2016,78752,Arson,5
2016,78752,Burglary,554
2016,78752,Motor Vehicle Theft,75
2016,78752,Murder,2
2016,78752,Other,1935
2016,78752,Robbery,62
2016,78752,Sexual Assault,48
2016,78752,Theft,476
2016,78753,Aggravated Assault,930
2016,78753,Arson,9
2016,78753,Burglary,1014
2016,78753,Motor Vehicle Theft,172
2016,78753,Murder,4
2016,78753,Other,4863
2016,78753,Robbery,106
2016,78753,Sexual Assault,90
2016,78753,Theft,1620
2016,78754,Aggravated Assault,141
2016,78754,Burglary,180
2016,78754,Motor Vehicle Theft,22
2016,78754,Murder,1
2016,78754,Other,727
2016,78754,Robbery,3
2016,78754,Sexual Assault,13
2016,78754,Theft,173
2016,78756,Aggravated Assault,71
2016,78756,Burglary,131
2016,78756,Motor Vehicle Theft,10
2016,78756,Other,413
2016,78756,Robbery,4
2016,78756,Sexual Assault,11
2016,78756,Theft,172
2016,78757,Aggravated Assault,223
2016,78757,Arson,1
2016,78757,Burglary,449
2016,78757,Motor Vehicle Theft,52
2016,78757,Other,1232
2016,78757,Robbery,19
2016,78757,Sexual Assault,27
2016,78757,Theft,526
2016,78758,Aggravated Assault,874
2016,78758,Arson,8
2016,78758,Burglary,905
2016,78758,Motor Vehicle Theft,158
2016,78758,Murder,4
2016,78758,Other,4799
2016,78758,Robbery,107
2016,78758,Sexual Assault,116
2016,78758,Theft,1101
2016,78759,Aggravated Assault,203
2016,78759,Arson,1
2016,78759,Burglary,491
2016,78759,Motor Vehicle Theft,38
2016,78759,Other,1617
2016,78759,Robbery,15
2016,78759,Sexual Assault,28
2016,78759,Theft,627
2017,78610,Other,4
2017,78613,Aggravated Assault,37
2017,78613,Burglary,68
2017,78613,Motor Vehicle Theft,6
2017,78613,Other,161
2017,78613,Robbery,1
2017,78613,Sexual Assault,6
2017,78613,Theft,236
2017,78617,Aggravated Assault,166
2017,78617,Arson,1
2017,78617,Burglary,105
2017,78617,Motor Vehicle Theft,19
2017,78617,Other,625
2017,78617,Robbery,9
2017,78617,Sexual Assault,15
2017,78617,Theft,78
2017,78641,Other,1
2017,78652,Aggravated Assault,5
2017,78652,Burglary,6
2017,78652,Motor Vehicle Theft,1
2017,78652,Other,29
2017,78652,Sexual Assault,2
2017,78652,Theft,2
2017,78653,Aggravated Assault,14
2017,78653,Arson,1
2017,78653,Burglary,20
2017,78653,Motor Vehicle Theft,2
2017,78653,Other,70
2017,78653,Sexual Assault,1
2017,78653,Theft,16
2017,78660,Aggravated Assault,63
2017,78660,Burglary,67
2017,78660,Motor Vehicle Theft,8
2017,78660,Other,212
2017,78660,Robbery,3
2017,78660,Sexual Assault,8
2017,78660,Theft,122
2017,78664,Aggravated Assault,1
2017,78664,Other,1
2017,78681,Aggravated Assault,2
2017,78681,Other,9
2017,78681,Sexual Assault,1
2017,78701,Aggravated Assault,1057
2017,78701,Arson,2
2017,78701,Burglary,425
2017,78701,Manslaughter,1
2017,78701,Motor Vehicle Theft,63
2017,78701,Other,5467
2017,78701,Robbery,52
2017,78701,Sexual Assault,100
2017,78701,Theft,1165
2017,78702,Aggravated Assault,615
2017,78702,Arson,21
2017,78702,Burglary,601
2017,78702,Motor Vehicle Theft,123
2017,78702,Murder,1
2017,78702,Other,3092
2017,78702,Robbery,67
2017,78702,Sexual Assault,59
2017,78702,Theft,679
2017,78703,Aggravated Assault,77
2017,78703,Burglary,264
2017,78703,Motor Vehicle Theft,28
2017,78703,Other,905
2017,78703,Robbery,5
2017,78703,Sexual Assault,17
2017,78703,Theft,293
2017,78704,Aggravated Assault,596
2017,78704,Arson,5
2017,78704,Burglary,879
2017,78704,Motor Vehicle Theft,150
2017,78704,Murder,1
2017,78704,Other,3988
2017,78704,Robbery,47
2017,78704,Sexual Assault,84
2017,78704,Theft,1310
2017,78705,Aggravated Assault,237
2017,78705,Arson,3
2017,78705,Burglary,235
2017,78705,Motor Vehicle Theft,79
2017,78705,Other,1190
2017,78705,Robbery,7
2017,78705,Sexual Assault,52
2017,78705,Theft,504
2017,78712,Aggravated Assault,3
2017,78712,Burglary,1
2017,78712,Other,5
2017,78712,Theft,4
2017,78717,Aggravated Assault,94
2017,78717,Burglary,124
2017,78717,Motor Vehicle Theft,7
2017,78717,Other,506
2017,78717,Robbery,4
2017,78717,Sexual Assault,6
2017,78717,Theft,169
2017,78719,Aggravated Assault,29
2017,78719,Burglary,7
2017,78719,Motor Vehicle Theft,12
2017,78719,Other,723
2017,78719,Robbery,2
2017,78719,Sexual Assault,1
2017,78719,Theft,132
2017,78721,Aggravated Assault,264
2017,78721,Arson,5
2017,78721,Burglary,161
2017,78721,Motor Vehicle Theft,27
2017,78721,Other,1258
2017,78721,Robbery,14
2017,78721,Sexual Assault,21
2017,78721,Theft,183
2017,78722,Aggravated Assault,83
2017,78722,Arson,1
2017,78722,Burglary,100
2017,78722,Motor Vehicle Theft,22
2017,78722,Other,497
2017,78722,Robbery,16
2017,78722,Sexual Assault,10
2017,78722,Theft,98
2017,78723,Aggravated Assault,738
2017,78723,Arson,6
2017,78723,Burglary,690
2017,78723,Motor Vehicle Theft,77
2017,78723,Murder,2
2017,78723,Other,3246
2017,78723,Robbery,81
2017,78723,Sexual Assault,60
2017,78723,Theft,862
2017,78724,Aggravated Assault,317
2017,78724,Arson,1
2017,78724,Burglary,149
2017,78724,Motor Vehicle Theft,25
2017,78724,Murder,1
2017,78724,Other,1169
2017,78724,Robbery,14
2017,78724,Sexual Assault,30
2017,78724,Theft,167
2017,78725,Aggravated Assault,34
2017,78725,Burglary,13
2017,78725,Motor Vehicle Theft,7
2017,78725,Other,124
2017,78725,Sexual Assault,2
2017,78725,Theft,22
2017,78726,Aggravated Assault,76
2017,78726,Burglary,84
2017,78726,Motor Vehicle Theft,12
2017,78726,Other,382
2017,78726,Robbery,1
2017,78726,Sexual Assault,10
2017,78726,Theft,97
2017,78727,Aggravated Assault,151
2017,78727,Burglary,384
2017,78727,Motor Vehicle Theft,32
2017,78727,Other,996
2017,78727,Robbery,3
2017,78727,Sexual Assault,16
2017,78727,Theft,211
2017,78728,Aggravated Assault,6
2017,78728,Burglary,4
2017,78728,Other,54
2017,78728,Sexual Assault,1
2017,78728,Theft,8
2017,78729,Aggravated Assault,162
2017,78729,Arson,1
2017,78729,Burglary,236
2017,78729,Manslaughter,1
2017,78729,Motor Vehicle Theft,25
2017,78729,Other,1086
2017,78729,Robbery,13
2017,78729,Sexual Assault,22
2017,78729,Theft,249
2017,78730,Aggravated Assault,18
2017,78730,Burglary,19
2017,78730,Motor Vehicle Theft,4
2017,78730,Other,97
2017,78730,Robbery,1
2017,78730,Sexual Assault,1
2017,78730,Theft,21
2017,78731,Aggravated Assault,97
2017,78731,Burglary,263
2017,78731,Motor Vehicle Theft,13
2017,78731,Other,626
2017,78731,Robbery,5
2017,78731,Sexual Assault,12
2017,78731,Theft,153
2017,78732,Aggravated Assault,1
2017,78732,Burglary,1
2017,78732,Other,4
2017,78732,Sexual Assault,1
2017,78732,Theft,4
2017,78733,Aggravated Assault,1
2017,78733,Burglary,1
2017,78733,Other,6
2017,78733,Theft,1
2017,78734,Aggravated Assault,1
2017,78734,Burglary,1
2017,78734,Theft,2
2017,78735,Aggravated Assault,78
2017,78735,Arson,1
2017,78735,Burglary,170
2017,78735,Motor Vehicle Theft,14
2017,78735,Other,428
2017,78735,Robbery,1
2017,78735,Sexual Assault,6
2017,78735,Theft,110
2017,78736,Aggravated Assault,32
2017,78736,Burglary,49
2017,78736,Motor Vehicle Theft,4
2017,78736,Other,127
2017,78736,Sexual Assault,1
2017,78736,Theft,43
2017,78737,Other,4
2017,78737,Theft,2
2017,78738,Other,3
2017,78739,Aggravated Assault,26
2017,78739,Burglary,57
2017,78739,Motor Vehicle Theft,5
2017,78739,Other,178
2017,78739,Robbery,1
2017,78739,Sexual Assault,5
2017,78739,Theft,33
2017,78741,Aggravated Assault,1168
2017,78741,Arson,5
2017,78741,Burglary,1118
2017,78741,Manslaughter,1
2017,78741,Motor Vehicle Theft,177
2017,78741,Murder,3
2017,78741,Other,5117
2017,78741,Robbery,135
2017,78741,Sexual Assault,124
2017,78741,Theft,1122
2017,78742,Aggravated Assault,19
2017,78742,Burglary,26
2017,78742,Motor Vehicle Theft,4
2017,78742,Other,103
2017,78742,Robbery,1
2017,78742,Sexual Assault,1
2017,78742,Theft,15
2017,78744,Aggravated Assault,748
2017,78744,Arson,2
2017,78744,Burglary,716
2017,78744,Motor Vehicle Theft,141
2017,78744,Murder,1
2017,78744,Other,3946
2017,78744,Robbery,43
2017,78744,Sexual Assault,68
2017,78744,Theft,655
2017,78745,Aggravated Assault,829
2017,78745,Arson,6
2017,78745,Burglary,849
2017,78745,Motor Vehicle Theft,115
2017,78745,Murder,2
2017,78745,Negligent Homicide,1
2017,78745,Other,4145
2017,78745,Robbery,47
2017,78745,Sexual Assault,66
2017,78745,Theft,904
2017,78746,Aggravated Assault,58
2017,78746,Burglary,323
2017,78746,Motor Vehicle Theft,43
2017,78746,Other,549
2017,78746,Robbery,12
2017,78746,Sexual Assault,10
2017,78746,Theft,410
2017,78747,Aggravated Assault,82
2017,78747,Arson,2
2017,78747,Burglary,99
2017,78747,Motor Vehicle Theft,20
2017,78747,Murder,1
2017,78747,Other,474
2017,78747,Robbery,2
2017,78747,Sexual Assault,19
2017,78747,Theft,54
2017,78748,Aggravated Assault,368
2017,78748,Burglary,427
2017,78748,Motor Vehicle Theft,52
2017,78748,Other,2083
2017,78748,Robbery,20
2017,78748,Sexual Assault,51
2017,78748,Theft,551
2017,78749,Aggravated Assault,170
2017,78749,Arson,2
2017,78749,Burglary,274
2017,78749,Motor Vehicle Theft,27
2017,78749,Other,1011
2017,78749,Robbery,7
2017,78749,Sexual Assault,24
2017,78749,Theft,313
2017,78750,Aggravated Assault,110
2017,78750,Arson,4
2017,78750,Burglary,200
2017,78750,Motor Vehicle Theft,21
2017,78750,Other,859
2017,78750,Robbery,6
2017,78750,Sexual Assault,16
2017,78750,Theft,165
2017,78751,Aggravated Assault,918
2017,78751,Burglary,262
2017,78751,Motor Vehicle Theft,42
2017,78751,Murder,1
2017,78751,Other,998
2017,78751,Robbery,19
2017,78751,Sexual Assault,62
2017,78751,Theft,444
2017,78752,Aggravated Assault,474
2017,78752,Arson,1
2017,78752,Burglary,500
2017,78752,Motor Vehicle Theft,74
2017,78752,Murder,4
2017,78752,Other,2286
2017,78752,Robbery,43
2017,78752,Sexual Assault,39
2017,78752,Theft,445
2017,78753,Aggravated Assault,926
2017,78753,Arson,14
2017,78753,Burglary,1027
2017,78753,Motor Vehicle Theft,186
2017,78753,Other,4936
2017,78753,Robbery,106
2017,78753,Sexual Assault,115
2017,78753,Theft,1330
2017,78754,Aggravated Assault,128
2017,78754,Arson,4
2017,78754,Burglary,237
2017,78754,Motor Vehicle Theft,38
2017,78754,Murder,1
2017,78754,Other,727
2017,78754,Robbery,8
2017,78754,Sexual Assault,20
2017,78754,Theft,174
2017,78756,Aggravated Assault,88
2017,78756,Burglary,127
2017,78756,Motor Vehicle Theft,19
2017,78756,Murder,1
2017,78756,Other,423
2017,78756,Robbery,4
2017,78756,Sexual Assault,15
2017,78756,Theft,195
2017,78757,Aggravated Assault,222
2017,78757,Burglary,474
2017,78757,Motor Vehicle Theft,51
2017,78757,Murder,1
2017,78757,Other,1141
2017,78757,Robbery,12
2017,78757,Sexual Assault,21
2017,78757,Theft,409
2017,78758,Aggravated Assault,888
2017,78758,Arson,7
2017,78758,Burglary,959
2017,78758,Motor Vehicle Theft,156
2017,78758,Murder,5
2017,78758,Other,4536
2017,78758,Robbery,106
2017,78758,Sexual Assault,130
2017,78758,Theft,1173
2017,78759,Aggravated Assault,245
2017,78759,Arson,1
2017,78759,Burglary,761
2017,78759,Motor Vehicle Theft,64
2017,78759,Other,1556
2017,78759,Robbery,8
2017,78759,Sexual Assault,29
2017,78759,Theft,529
2018,78610,Other,3
2018,78613,Aggravated Assault,38
2018,78613,Burglary,73
2018,78613,Motor Vehicle Theft,7
2018,78613,Other,182
2018,78613,Robbery,8
2018,78613,Sexual Assault,3
2018,78613,Theft,254
2018,78617,Aggravated Assault,170
2018,78617,Burglary,95
2018,78617,Motor Vehicle Theft,19
2018,78617,Murder,2
2018,78617,Other,519
2018,78617,Robbery,5
2018,78617,Sexual Assault,11
2018,78617,Theft,79
2018,78641,Aggravated Assault,1
2018,78641,Other,2
2018,78652,Aggravated Assault,4
2018,78652,Burglary,1
2018,78652,Other,27
2018,78652,Robbery,1
2018,78652,Theft,3
2018,78653,Aggravated Assault,17
2018,78653,Burglary,21
2018,78653,Motor Vehicle Theft,6
2018,78653,Other,70
2018,78653,Robbery,1
2018,78653,Sexual Assault,2
2018,78653,Theft,24
2018,78660,Aggravated Assault,67
2018,78660,Burglary,121
2018,78660,Motor Vehicle Theft,14
2018,78660,Other,245
2018,78660,Sexual Assault,5
2018,78660,Theft,157
2018,78664,Other,2
2018,78681,Aggravated Assault,3
2018,78681,Other,1
2018,78681,Sexual Assault,1
2018,78701,Aggravated Assault,966
2018,78701,Arson,6
2018,78701,Burglary,461
2018,78701,Motor Vehicle Theft,83
2018,78701,Other,4044
2018,78701,Robbery,77
2018,78701,Sexual Assault,92
2018,78701,Theft,1319
2018,78702,Aggravated Assault,568
2018,78702,Arson,4
2018,78702,Burglary,724
2018,78702,Motor Vehicle Theft,120
2018,78702,Other,2567
2018,78702,Robbery,72
2018,78702,Sexual Assault,49
2018,78702,Theft,690
2018,78703,Aggravated Assault,86
2018,78703,Burglary,293
2018,78703,Motor Vehicle Theft,49
2018,78703,Other,791
2018,78703,Robbery,5
2018,78703,Sexual Assault,12
2018,78703,Theft,330
2018,78704,Aggravated Assault,602
2018,78704,Arson,3
2018,78704,Burglary,1099
2018,78704,Motor Vehicle Theft,198
2018,78704,Murder,1
2018,78704,Other,3318
2018,78704,Robbery,41
2018,78704,Sexual Assault,63
2018,78704,Theft,1147
2018,78705,Aggravated Assault,185
2018,78705,Arson,3
2018,78705,Burglary,290
2018,78705,Manslaughter,1
2018,78705,Motor Vehicle Theft,105
2018,78705,Other,939
2018,78705,Robbery,18
2018,78705,Sexual Assault,48
2018,78705,Theft,522
2018,78712,Other,9
2018,78712,Theft,8
2018,78717,Aggravated Assault,85
2018,78717,Arson,1
2018,78717,Burglary,114
2018,78717,Motor Vehicle Theft,12
2018,78717,Other,455
2018,78717,Robbery,6
2018,78717,Sexual Assault,8
2018,78717,Theft,182
2018,78719,Aggravated Assault,43
2018,78719,Burglary,8
2018,78719,Motor Vehicle Theft,24
2018,78719,Other,442
2018,78719,Sexual Assault,3
2018,78719,Theft,145
2018,78721,Aggravated Assault,279
2018,78721,Arson,1
2018,78721,Burglary,143
2018,78721,Motor Vehicle Theft,40
2018,78721,Other,1045
2018,78721,Robbery,20
2018,78721,Sexual Assault,21
2018,78721,Theft,195
2018,78722,Aggravated Assault,83
2018,78722,Arson,1
2018,78722,Burglary,119
2018,78722,Motor Vehicle Theft,24
2018,78722,Other,441
2018,78722,Robbery,15
2018,78722,Sexual Assault,9
2018,78722,Theft,107
2018,78723,Aggravated Assault,683
2018,78723,Arson,2
2018,78723,Burglary,622
2018,78723,Manslaughter,1
2018,78723,Motor Vehicle Theft,112
2018,78723,Murder,5
2018,78723,Other,3141
2018,78723,Robbery,84
2018,78723,Sexual Assault,51
2018,78723,Theft,939
2018,78724,Aggravated Assault,289
2018,78724,Arson,3
2018,78724,Burglary,192
2018,78724,Motor Vehicle Theft,30
2018,78724,Murder,1
2018,78724,Other,1120
2018,78724,Robbery,14
2018,78724,Sexual Assault,22
2018,78724,Theft,158
2018,78725,Aggravated Assault,27
2018,78725,Burglary,12
2018,78725,Motor Vehicle Theft,3
2018,78725,Other,89
2018,78725,Sexual Assault,4
2018,78725,Theft,20
2018,78726,Aggravated Assault,71
2018,78726,Burglary,60
2018,78726,Motor Vehicle Theft,6
2018,78726,Other,353
2018,78726,Robbery,1
2018,78726,Sexual Assault,5
2018,78726,Theft,114
2018,78727,Aggravated Assault,161
2018,78727,Arson,1
2018,78727,Burglary,335
2018,78727,Manslaughter,1
2018,78727,Motor Vehicle Theft,37
2018,78727,Other,828
2018,78727,Robbery,4
2018,78727,Sexual Assault,11
2018,78727,Theft,218
2018,78728,Aggravated Assault,7
2018,78728,Burglary,2
2018,78728,Motor Vehicle Theft,1
2018,78728,Other,35
2018,78728,Sexual Assault,2
2018,78728,Theft,8
2018,78729,Aggravated Assault,168
2018,78729,Arson,1
2018,78729,Burglary,262
2018,78729,Motor Vehicle Theft,46
2018,78729,Murder,1
2018,78729,Other,971
2018,78729,Robbery,10
2018,78729,Sexual Assault,12
2018,78729,Theft,275
2018,78730,Aggravated Assault,18
2018,78730,Burglary,55
2018,78730,Motor Vehicle Theft,2
2018,78730,Other,109
2018,78730,Robbery,1
2018,78730,Theft,22
2018,78731,Aggravated Assault,85
2018,78731,Burglary,314
2018,78731,Motor Vehicle Theft,35
2018,78731,Murder,1
2018,78731,Other,543
2018,78731,Robbery,7
2018,78731,Sexual Assault,12
2018,78731,Theft,166
2018,78732,Aggravated Assault,2
2018,78732,Other,5
2018,78732,Theft,2
2018,78733,Aggravated Assault,1
2018,78733,Other,4
2018,78733,Sexual Assault,1
2018,78733,Theft,1
2018,78734,Other,1
2018,78734,Theft,1
2018,78735,Aggravated Assault,80
2018,78735,Arson,1
2018,78735,Burglary,159
2018,78735,Motor Vehicle Theft,16
2018,78735,Other,441
2018,78735,Robbery,5
2018,78735,Sexual Assault,11
2018,78735,Theft,91
2018,78736,Aggravated Assault,20
2018,78736,Burglary,34
2018,78736,Motor Vehicle Theft,9
2018,78736,Other,125
2018,78736,Robbery,1
2018,78736,Sexual Assault,2
2018,78736,Theft,38
2018,78737,Aggravated Assault,1
2018,78737,Other,6
2018,78737,Sexual Assault,1
2018,78737,Theft,1
2018,78738,Aggravated Assault,1
2018,78738,Other,2
2018,78739,Aggravated Assault,22
2018,78739,Burglary,72
2018,78739,Motor Vehicle Theft,8
2018,78739,Other,163
2018,78739,Sexual Assault,8
2018,78739,Theft,28
2018,78741,Aggravated Assault,1102
2018,78741,Arson,5
2018,78741,Burglary,1154
2018,78741,Motor Vehicle Theft,212
2018,78741,Murder,2
2018,78741,Other,4374
2018,78741,Robbery,138
2018,78741,Sexual Assault,97
2018,78741,Theft,1038
2018,78742,Aggravated Assault,29
2018,78742,Burglary,20
2018,78742,Motor Vehicle Theft,4
2018,78742,Other,76
2018,78742,Robbery,2
2018,78742,Theft,8
2018,78744,Aggravated Assault,765
2018,78744,Arson,5
2018,78744,Burglary,807
2018,78744,Manslaughter,1
2018,78744,Motor Vehicle Theft,152
2018,78744,Murder,3
2018,78744,Other,3306
2018,78744,Robbery,45
2018,78744,Sexual Assault,72
2018,78744,Theft,557
2018,78745,Aggravated Assault,800
2018,78745,Arson,4
2018,78745,Burglary,967
2018,78745,Manslaughter,1
2018,78745,Motor Vehicle Theft,193
2018,78745,Murder,2
2018,78745,Other,3567
2018,78745,Robbery,36
2018,78745,Sexual Assault,75
2018,78745,Theft,770
2018,78746,Aggravated Assault,59
2018,78746,Arson,1
2018,78746,Burglary,387
2018,78746,Motor Vehicle Theft,46
2018,78746,Other,463
2018,78746,Robbery,7
2018,78746,Sexual Assault,7
2018,78746,Theft,516
2018,78747,Aggravated Assault,75
2018,78747,Burglary,104
2018,78747,Motor Vehicle Theft,20
2018,78747,Other,447
2018,78747,Robbery,1
2018,78747,Sexual Assault,5
2018,78747,Theft,77
2018,78748,Aggravated Assault,416
2018,78748,Arson,4
2018,78748,Burglary,536
2018,78748,Motor Vehicle Theft,68
2018,78748,Other,1850
2018,78748,Robbery,19
2018,78748,Sexual Assault,42
2018,78748,Theft,596
2018,78749,Aggravated Assault,170
2018,78749,Arson,2
2018,78749,Burglary,360
2018,78749,Motor Vehicle Theft,38
2018,78749,Other,909
2018,78749,Robbery,12
2018,78749,Sexual Assault,13
2018,78749,Theft,349
2018,78750,Aggravated Assault,113
2018,78750,Burglary,224
2018,78750,Motor Vehicle Theft,26
2018,78750,Other,716
2018,78750,Robbery,7
2018,78750,Sexual Assault,24
2018,78750,Theft,155
2018,78751,Aggravated Assault,756
2018,78751,Arson,1
2018,78751,Burglary,275
2018,78751,Motor Vehicle Theft,48
2018,78751,Other,890
2018,78751,Robbery,16
2018,78751,Sexual Assault,42
2018,78751,Theft,465
2018,78752,Aggravated Assault,418
2018,78752,Arson,1
2018,78752,Burglary,413
2018,78752,Motor Vehicle Theft,71
2018,78752,Other,2170
2018,78752,Robbery,58
2018,78752,Sexual Assault,36
2018,78752,Theft,406
2018,78753,Aggravated Assault,932
2018,78753,Arson,7
2018,78753,Burglary,1039
2018,78753,Motor Vehicle Theft,181
2018,78753,Murder,5
2018,78753,Other,4070
2018,78753,Robbery,107
2018,78753,Sexual Assault,81
2018,78753,Theft,1350
2018,78754,Aggravated Assault,161
2018,78754,Burglary,182
2018,78754,Motor Vehicle Theft,20
2018,78754,Other,665
2018,78754,Robbery,9
2018,78754,Sexual Assault,18
2018,78754,Theft,175
2018,78756,Aggravated Assault,62
2018,78756,Burglary,126
2018,78756,Motor Vehicle Theft,20
2018,78756,Other,345
2018,78756,Robbery,6
2018,78756,Sexual Assault,4
2018,78756,Theft,148
2018,78757,Aggravated Assault,195
2018,78757,Arson,1
2018,78757,Burglary,534
2018,78757,Manslaughter,1
2018,78757,Motor Vehicle Theft,68
2018,78757,Other,1161
2018,78757,Robbery,15
2018,78757,Sexual Assault,28
2018,78757,Theft,459
2018,78758,Aggravated Assault,871
2018,78758,Arson,4
2018,78758,Burglary,1031
2018,78758,Motor Vehicle Theft,181
2018,78758,Murder,4
2018,78758,Other,4044
2018,78758,Robbery,102
2018,78758,Sexual Assault,101
2018,78758,Theft,1171
2018,78759,Aggravated Assault,228
2018,78759,Arson,2
2018,78759,Burglary,882
2018,78759,Motor Vehicle Theft,67
2018,78759,Other,1401
2018,78759,Robbery,15
2018,78759,Sexual Assault,26
2018,78759,Theft,600
